/Users/n.scherbakov/vitamin-speaker-talks/work/../transcripts/Агентский-бизнес/2026-04-28__VK_Реклама_алгоритмы,_фишки_и_ошибки_в_новом_кабинете_на_реальных_кейсах_обучени.txt	Faa-qqo6CPc	5527	Агентский-бизнес	VK-реклама-и-таргет	VK Реклама: алгоритмы, фишки и ошибки в новом кабинете на реальных кейсах — обучение алгоритма вместо узкого таргетинга, поиск рабочих связок, ставка на видеокреативы и сегментацию, AI-ассистент продаж
/Users/n.scherbakov/vitamin-speaker-talks/work/../transcripts/Агентский-бизнес/2024-01-29__Почему_агентства_теряют_клиентов_и_как_этого_избежать.txt	agX2SaBknMk		Агентский-бизнес	Агентский-бизнес-и-масштабирование	Почему агентства теряют клиентов и как этого избежать?
/Users/n.scherbakov/vitamin-speaker-talks/work/../transcripts/Агентский-бизнес/2026-02-10__Механики_масштабирования_и_AI-ассистент_продаж,_дожимающий_лиды.txt	lhCmtQwHpe0	3957	Агентский-бизнес	ИИ-и-автоматизация	Механики масштабирования и AI-ассистент продаж, дожимающий лиды
/Users/n.scherbakov/vitamin-speaker-talks/work/../transcripts/Агентский-бизнес/2024-01-23__Пути_развития_digital-агентств_как_привлекать_клиентов_и_на_что_делать_ставку.txt	9a78LSsp690		Агентский-бизнес	Агентский-бизнес-и-масштабирование	Пути развития digital-агентств: как привлекать клиентов и на что делать ставку?
/Users/n.scherbakov/vitamin-speaker-talks/work/../transcripts/Агентский-бизнес/2026-07-10__ИИ-агенты_+_трафик_как_агентству_добавить_услугу_и_увеличить_средний_чек_без_най.txt	PJK7V-OmOUk	1970	Агентский-бизнес	Агентский-бизнес-и-масштабирование	ИИ-агенты + трафик: как агентству добавить услугу и увеличить средний чек без найма
/Users/n.scherbakov/vitamin-speaker-talks/work/../transcripts/Агентский-бизнес/2024-09-26__Как_агентству_регулярно_расти_в_доходах.txt	6pGQP-8Ks1E		Агентский-бизнес	Агентский-бизнес-и-масштабирование	Как агентству регулярно расти в доходах?
/Users/n.scherbakov/vitamin-speaker-talks/work/../transcripts/Агентский-бизнес/2026-07-10__Строим_систему_продаж_и_маркетинга_в_агентстве_для_роста_x2.txt	PJK7V-OmOUk	4781	Агентский-бизнес	Агентский-бизнес-и-масштабирование	Строим систему продаж и маркетинга в агентстве для роста x2
/Users/n.scherbakov/vitamin-speaker-talks/work/../transcripts/Агентский-бизнес/2024-03-19__Открытие_агентства_сколько_придется_работать_на_старте.txt	B3DAqchkWng		Агентский-бизнес	Агентский-бизнес-и-масштабирование	Открытие агентства: сколько придется работать на старте?
/Users/n.scherbakov/vitamin-speaker-talks/work/../transcripts/Агентский-бизнес/2025-12-18__Как_сократить_путь_от_идеи_до_результата_в_3_раза.txt	4eHOTJer388		Агентский-бизнес	Стратегия-и-медиапланирование	Как сократить путь от идеи до результата в 3 раза?
/Users/n.scherbakov/vitamin-speaker-talks/work/../transcripts/Агентский-бизнес/2025-12-04__Стратегия_выживания_агентства_в_декабре-январе_удержание_клиентов,_рост_LTV,_про.txt	IJRJccZEr34	272	Агентский-бизнес	Агентский-бизнес-и-масштабирование	Стратегия выживания агентства в декабре-январе: удержание клиентов, рост LTV, продажи через ценность
/Users/n.scherbakov/vitamin-speaker-talks/work/../transcripts/Агентский-бизнес/2024-03-21__Постоянный_приток_сотрудников_в_агентство_за_счет_системы_стажировок.txt	PjrJ0yR-HWA		Агентский-бизнес	Агентский-бизнес-и-масштабирование	Постоянный приток сотрудников в агентство за счет системы стажировок
/Users/n.scherbakov/vitamin-speaker-talks/work/../transcripts/Агентский-бизнес/2025-12-16__Декабрь_глазами_digital-руководителя_как_не_утонуть_в_хаосе_и_сохранить_способно.txt	O3ZVomhmE48	0	Агентский-бизнес	Агентский-бизнес-и-масштабирование	Декабрь глазами digital-руководителя: как не утонуть в хаосе и сохранить способность думать
/Users/n.scherbakov/vitamin-speaker-talks/work/../transcripts/Агентский-бизнес/2026-03-19__Путь_от_ноунейм-агентства_до_партнёра_крупных_брендов_через_публикации_в_СМИ.txt	JlZpMu_HOB8	1853	Агентский-бизнес	PR-и-репутация	Путь от ноунейм-агентства до партнёра крупных брендов через публикации в СМИ
/Users/n.scherbakov/vitamin-speaker-talks/work/../transcripts/Агентский-бизнес/2026-05-27__Как_устроена_партнёрская_программа_Vitamin.tools_уровни_реферальной_сети,_каналы.txt	031t4eMvPtk	159	Агентский-бизнес	Партнёрка-и-реферальные-сети	Как устроена партнёрская программа Vitamin.tools: уровни реферальной сети, каналы привлечения рефералов и маркетинговая поддержка
/Users/n.scherbakov/vitamin-speaker-talks/work/../transcripts/Агентский-бизнес/2025-06-03__Как_создать_команду,_способную_на_50-кратный_прорыв.txt	_Grc0ImmAME	2934	Агентский-бизнес	Агентский-бизнес-и-масштабирование	Как создать команду, способную на 50-кратный прорыв
/Users/n.scherbakov/vitamin-speaker-talks/work/../transcripts/Агентский-бизнес/2025-10-21__Фреймворк_стратегического_развития_на_OKR_как_сократить_путь_от_идеи_до_результа.txt	TYUjllOeEJo	6620	Агентский-бизнес	Стратегия-и-медиапланирование	Фреймворк стратегического развития на OKR: как сократить путь от идеи до результата
/Users/n.scherbakov/vitamin-speaker-talks/work/../transcripts/Агентский-бизнес/2025-10-01__Как_увеличить_средний_чек_агентства_X2_без_поиска_новых_клиентов.txt	YU0qEwqQxyw		Агентский-бизнес	Агентский-бизнес-и-масштабирование	Как увеличить средний чек агентства X2 без поиска новых клиентов
/Users/n.scherbakov/vitamin-speaker-talks/work/../transcripts/Агентский-бизнес/2025-06-03__3_кейса_агентств,_которые_внедрили_и_окупили_контент-маркетинг.txt	_Grc0ImmAME	278	Агентский-бизнес	Агентский-бизнес-и-масштабирование	3 кейса агентств, которые внедрили и окупили контент-маркетинг
/Users/n.scherbakov/vitamin-speaker-talks/work/../transcripts/Агентский-бизнес/2026-04-02__Как_построить_сильную_команду_по_работе_с_трафиком_в_агентстве.txt	UANYpJBxGjg	4196	Агентский-бизнес	Агентский-бизнес-и-масштабирование	Как построить сильную команду по работе с трафиком в агентстве
/Users/n.scherbakov/vitamin-speaker-talks/work/../transcripts/Агентский-бизнес/2025-12-24__Как_digital-агентству_выйти_на_30_млн+_в_2026_году.txt	KG9uVaLeteY		Агентский-бизнес	Агентский-бизнес-и-масштабирование	Как digital-агентству выйти на 30 млн+ в 2026 году
/Users/n.scherbakov/vitamin-speaker-talks/work/../transcripts/Агентский-бизнес/2024-01-24__Агентство_с_первых_шагов_до_большой_команды.txt	9sbwQzdNY0A		Агентский-бизнес	Агентский-бизнес-и-масштабирование	Агентство: с первых шагов до большой команды
/Users/n.scherbakov/vitamin-speaker-talks/work/../transcripts/Агентский-бизнес/2026-04-02__Как_руководителю_не_стать_узким_горлышком_команды.txt	UANYpJBxGjg	6406	Агентский-бизнес	Агентский-бизнес-и-масштабирование	Как руководителю не стать «узким горлышком» команды
/Users/n.scherbakov/vitamin-speaker-talks/work/../transcripts/Агентский-бизнес/2026-04-02__Роли_и_органиграмма_в_отделе_перформанса.txt	UANYpJBxGjg	340	Агентский-бизнес	Агентский-бизнес-и-масштабирование	Роли и органиграмма в отделе перформанса
/Users/n.scherbakov/vitamin-speaker-talks/work/../transcripts/Агентский-бизнес/2025-12-24__Декабрь_глазами_digital-руководителя_как_не_утонуть_в_хаосе_и_сохранить_способность_думать.txt	RLvKEmw7W4Y		Агентский-бизнес	Агентский-бизнес-и-масштабирование	Декабрь глазами digital-руководителя: как не утонуть в хаосе и сохранить способность думать
/Users/n.scherbakov/vitamin-speaker-talks/work/../transcripts/Агентский-бизнес/2024-09-27__Нужны_ли_digital-агентству_регламенты_для_сотрудников_Как_их_составить_и_внедрить.txt	vMydg54nxhQ		Агентский-бизнес	Агентский-бизнес-и-масштабирование	Нужны ли digital-агентству регламенты для сотрудников? Как их составить и внедрить?
/Users/n.scherbakov/vitamin-speaker-talks/work/../transcripts/Агентский-бизнес/2026-03-19__Как_агентству_привлекать_клиентов_через_выступления_и_спикерство.txt	JlZpMu_HOB8	3644	Агентский-бизнес	Личный-бренд-и-экспертность	Как агентству привлекать клиентов через выступления и спикерство
/Users/n.scherbakov/vitamin-speaker-talks/work/../transcripts/Агентский-бизнес/2026-05-27__Партнёрка_как_актив,_а_не_подработка_принципы_построения_многомиллионной_реферал.txt	031t4eMvPtk	1841	Агентский-бизнес	Партнёрка-и-реферальные-сети	Партнёрка как актив, а не подработка: принципы построения многомиллионной реферальной сети через маркетинговые связки
/Users/n.scherbakov/vitamin-speaker-talks/work/../transcripts/Агентский-бизнес/2025-04-10__Как_агентству_работать_с_клиентами,_чтобы_расти_кратно.txt	oLgcpVtviio		Агентский-бизнес	Агентский-бизнес-и-масштабирование	Как агентству работать с клиентами, чтобы расти кратно
/Users/n.scherbakov/vitamin-speaker-talks/work/../transcripts/Агентский-бизнес/2025-12-04__Декабрь_глазами_digital-руководителя_как_не_утонуть_в_хаосе_и_не_выгореть.txt	IJRJccZEr34	2472	Агентский-бизнес	Агентский-бизнес-и-масштабирование	Декабрь глазами digital-руководителя: как не утонуть в хаосе и не выгореть
/Users/n.scherbakov/vitamin-speaker-talks/work/../transcripts/Агентский-бизнес/2025-12-04__Как_трафикSMM-агентству_выйти_на_30_млн+_убыточные_модели_и_ключевые_факторы_усп.txt	IJRJccZEr34	4168	Агентский-бизнес	Агентский-бизнес-и-масштабирование	Как трафик/SMM-агентству выйти на 30 млн+: убыточные модели и ключевые факторы успеха
/Users/n.scherbakov/vitamin-speaker-talks/work/../transcripts/Агентский-бизнес/2025-12-24__Чем_заняться_digital-агентству,_пока_все_едят_оливье.txt	tkC6wOs4Gy8		Агентский-бизнес	Агентский-бизнес-и-масштабирование	Чем заняться digital-агентству, пока все едят оливье?
/Users/n.scherbakov/vitamin-speaker-talks/work/../transcripts/Агентский-бизнес/2024-05-02__Как_перейти_из_фриланса_в_агентство.txt	ueUn-Drl198		Агентский-бизнес	Агентский-бизнес-и-масштабирование	Как перейти из фриланса в агентство?
/Users/n.scherbakov/vitamin-speaker-talks/work/../transcripts/Агентский-бизнес/2024-05-03__Маржинальность_агентского_бизнеса_много_ли_можно_заработать.txt	ZtPitYZo7z4		Агентский-бизнес	Агентский-бизнес-и-масштабирование	Маржинальность агентского бизнеса: много ли можно заработать?
/Users/n.scherbakov/vitamin-speaker-talks/work/../transcripts/Агентский-бизнес/2024-03-18__Из_фриланса_в_агентство_первые_шаги_и_топ-3_ошибки.txt	CJXL2NRsuXg		Агентский-бизнес	Агентский-бизнес-и-масштабирование	Из фриланса в агентство: первые шаги и топ-3 ошибки
/Users/n.scherbakov/vitamin-speaker-talks/work/../transcripts/Агентский-бизнес/2026-05-27__Кейс-интервью_реферальная_сеть_с_оборотом_500_млн_₽_через_обучение_аудитории_и_р.txt	031t4eMvPtk	3380	Агентский-бизнес	Партнёрка-и-реферальные-сети	Кейс-интервью: реферальная сеть с оборотом 500 млн ₽ через обучение аудитории и регистрацию клиентов агентства
/Users/n.scherbakov/vitamin-speaker-talks/work/../transcripts/Агентский-бизнес/2024-03-15__Фриланс_VS_открытие_маркетингового_агентства._Плюсы_и_минусы.txt	3iwJHfWuhWE		Агентский-бизнес	Агентский-бизнес-и-масштабирование	Фриланс VS открытие маркетингового агентства. Плюсы и минусы
/Users/n.scherbakov/vitamin-speaker-talks/work/../transcripts/Агентский-бизнес/2024-03-25__Как_открыть_агентство_пошаговый_алгоритм_действий.txt	jhoqYjrisE8		Агентский-бизнес	Агентский-бизнес-и-масштабирование	Как открыть агентство: пошаговый алгоритм действий
/Users/n.scherbakov/vitamin-speaker-talks/work/../transcripts/Агентский-бизнес/2025-12-24__Стратегия_выживания_агентства_как_пройти_праздники_с_прибылью_и_планом_роста.txt	jzyJXxG4WhE		Агентский-бизнес	Агентский-бизнес-и-масштабирование	Стратегия выживания агентства: как пройти праздники с прибылью и планом роста
/Users/n.scherbakov/vitamin-speaker-talks/work/../transcripts/SMM-и-соцсети/2025-08-13__Автоматизация_создания_контента_через_нейросети_и_SMMplanner.txt	htvR0uJclpA	3864	SMM-и-соцсети	SMM-и-соцсети	Автоматизация создания контента через нейросети и SMMplanner
/Users/n.scherbakov/vitamin-speaker-talks/work/../transcripts/SMM-и-соцсети/2025-11-27__Топ_воронки_таргета_VK_свежие_кейсы_2025_(косметология,_B2B-карго,_товарка).txt	eYaufg6sdiU	6045	SMM-и-соцсети	VK-реклама-и-таргет	Топ воронки таргета VK: свежие кейсы 2025 (косметология, B2B-карго, товарка)
/Users/n.scherbakov/vitamin-speaker-talks/work/../transcripts/SMM-и-соцсети/2025-09-25__Как_data-driven_подход_и_сквозная_аналитика_сократили_CPL_почти_в_4_раза_после_о.txt	64OarXGR7lI	6410	SMM-и-соцсети	Сквозная-аналитика-и-атрибуция	Как data-driven подход и сквозная аналитика сократили CPL почти в 4 раза после отмены льготной ипотеки
/Users/n.scherbakov/vitamin-speaker-talks/work/../transcripts/SMM-и-соцсети/2025-06-05__Инфлюенс-маркетинг_без_боли_как_работать_со_100+_блогерами_и_не_сойти_с_ума.txt	R-37vWm-e0M	6934	SMM-и-соцсети	Инфлюенс-маркетинг-и-посевы	Инфлюенс-маркетинг без боли: как работать со 100+ блогерами и не сойти с ума
/Users/n.scherbakov/vitamin-speaker-talks/work/../transcripts/SMM-и-соцсети/2025-11-27__VK_AdBlogger_посевы_и_авторский_заказ,_поиск_рабочих_связок_креатива_и_сообществ.txt	eYaufg6sdiU	3460	SMM-и-соцсети	Инфлюенс-маркетинг-и-посевы	VK AdBlogger: посевы и авторский заказ, поиск рабочих связок креатива и сообщества
/Users/n.scherbakov/vitamin-speaker-talks/work/../transcripts/SMM-и-соцсети/2025-09-09__Автоматизация_работы_с_отзывами_и_репутацией_на_картах_и_геосервисах_с_помощью_И.txt	5W_2AvSVI7c	3880	SMM-и-соцсети	Геосервисы-Карты-2ГИС	Автоматизация работы с отзывами и репутацией на картах и геосервисах с помощью ИИ
/Users/n.scherbakov/vitamin-speaker-talks/work/../transcripts/SMM-и-соцсети/2026-02-19__Как_изменился_брендовый_SMM_ВКонтакте_и_как_стать_№1_в_нише.txt	8fiLpwBfvKo	4783	SMM-и-соцсети	VK-реклама-и-таргет	Как изменился брендовый SMM ВКонтакте и как стать №1 в нише
/Users/n.scherbakov/vitamin-speaker-talks/work/../transcripts/SMM-и-соцсети/2024-09-10__Как_увеличить_вовлеченность_аудитории_в_социальных_сетях.txt	32kw2oB5S3k		SMM-и-соцсети	SMM-и-соцсети	Как увеличить вовлеченность аудитории в социальных сетях?
/Users/n.scherbakov/vitamin-speaker-talks/work/../transcripts/SMM-и-соцсети/2026-05-25__Сколько_стоят_инфлюенсеры_как_оптимизировать_стоимость_закупки_блогеров.txt	D5L2zfPmss0	5539	SMM-и-соцсети	Инфлюенс-маркетинг-и-посевы	Сколько стоят инфлюенсеры: как оптимизировать стоимость закупки блогеров
/Users/n.scherbakov/vitamin-speaker-talks/work/../transcripts/SMM-и-соцсети/2026-02-17__Как_догревать_аудиторию_через_соцсети,_контент_и_сайты.txt	ElZriPa_Ra0	2707	SMM-и-соцсети	Конверсия-и-путь-клиента	Как догревать аудиторию через соцсети, контент и сайты
/Users/n.scherbakov/vitamin-speaker-talks/work/../transcripts/SMM-и-соцсети/2024-09-06__Частые_ошибки_бизнеса_при_продвижении_в_социальных_сетях.txt	RXP9_F7RJTI		SMM-и-соцсети	SMM-и-соцсети	Частые ошибки бизнеса при продвижении в социальных сетях
/Users/n.scherbakov/vitamin-speaker-talks/work/../transcripts/SMM-и-соцсети/2026-06-03__Как_масштабировать_ВК_для_премиум-авто_15_687_подписчиков_за_90_дней,_разбор_нер.txt	-dMt6AhJ8eA	5710	SMM-и-соцсети	Авто-и-дилеры	Как масштабировать ВК для премиум-авто: 15 687 подписчиков за 90 дней, разбор нерабочих гипотез и пересмотр стратегии под нужные KPI
/Users/n.scherbakov/vitamin-speaker-talks/work/../transcripts/SMM-и-соцсети/2026-02-19__Инструменты_инфлюенс-маркетинга_ВК_для_запуска_рекламы_к_праздникам.txt	8fiLpwBfvKo	398	SMM-и-соцсети	Инфлюенс-маркетинг-и-посевы	Инструменты инфлюенс-маркетинга ВК для запуска рекламы к праздникам
/Users/n.scherbakov/vitamin-speaker-talks/work/../transcripts/SMM-и-соцсети/2025-09-11__VK_Ads_162_связки_для_завода_газоблоков,_конверсия_75%_и_заявка_2200_руб.txt	r9mg1VUBZuI	5180	SMM-и-соцсети	Производство-и-стройматериалы	VK Ads: 162 связки для завода газоблоков, конверсия 75% и заявка 2200 руб
/Users/n.scherbakov/vitamin-speaker-talks/work/../transcripts/SMM-и-соцсети/2025-11-27__Креативный_контент_против_баннерной_слепоты_кейсы_для_некреативных_ниш.txt	eYaufg6sdiU	1782	SMM-и-соцсети	Креативы-и-баннерная-слепота	Креативный контент против баннерной слепоты: кейсы для некреативных ниш
/Users/n.scherbakov/vitamin-speaker-talks/work/../transcripts/SMM-и-соцсети/2025-08-07__Визуальные_креативы_для_таргетированной_рекламы_через_нейросети.txt	jsBUj75fHaA	3809	SMM-и-соцсети	Креативы-и-баннерная-слепота	Визуальные креативы для таргетированной рекламы через нейросети
/Users/n.scherbakov/vitamin-speaker-talks/work/../transcripts/SMM-и-соцсети/2025-11-27__Вертикальные_видео_главный_инструмент_перформанс-рекламы_креативы,_аукцион,_масш.txt	eYaufg6sdiU	216	SMM-и-соцсети	Креативы-и-баннерная-слепота	Вертикальные видео — главный инструмент перформанс-рекламы: креативы, аукцион, масштабирование бюджета
/Users/n.scherbakov/vitamin-speaker-talks/work/../transcripts/SMM-и-соцсети/2026-03-04__Что_делать_во_ВКонтакте,_если_у_тебя_завод_Инструкция_по_развитию_соцсетей_в_B2B.txt	ZHl6bM3nr1U	4127	SMM-и-соцсети	Производство-и-стройматериалы	Что делать во ВКонтакте, если у тебя завод? Инструкция по развитию соцсетей в B2B
/Users/n.scherbakov/vitamin-speaker-talks/work/../transcripts/SMM-и-соцсети/2024-09-12__Зачем_бизнесу_присутствовать_в_соцсетях.txt	RvCvtGM7VWE		SMM-и-соцсети	SMM-и-соцсети	Зачем бизнесу присутствовать в соцсетях?
/Users/n.scherbakov/vitamin-speaker-talks/work/../transcripts/SMM-и-соцсети/2026-04-28__VK_AdBlogger_на_результат_посевы_и_авторский_заказ,_подбор_пабликов_через_фильтр.txt	Faa-qqo6CPc	4037	SMM-и-соцсети	Инфлюенс-маркетинг-и-посевы	VK AdBlogger на результат: посевы и авторский заказ, подбор пабликов через фильтры и фильтр по РКН, планирование РК под этапы воронки, замер эффективности метками и разбор кейсов размещений
/Users/n.scherbakov/vitamin-speaker-talks/work/../transcripts/SMM-и-соцсети/2026-04-14__Универсальная_связка_VK_Реклама_+_чат-бот_как_отсеивать_холодный_трафик_и_растит.txt	5w7ROfd3oqs	1899	SMM-и-соцсети	VK-реклама-и-таргет	Универсальная связка «VK Реклама + чат-бот»: как отсеивать холодный трафик и растить квал-лиды
/Users/n.scherbakov/vitamin-speaker-talks/work/../transcripts/SMM-и-соцсети/2025-09-25__Контент,_рассылки_и_персонализированная_реклама_для_продажи_дорогой_техники_авто.txt	64OarXGR7lI	8118	SMM-и-соцсети	Авто-и-дилеры	Контент, рассылки и персонализированная реклама для продажи дорогой техники: автотематика
/Users/n.scherbakov/vitamin-speaker-talks/work/../transcripts/Маркировка-и-право/2026-06-04__Новые_правовые_требования_2026_рекламный_сбор_3%,_запрет_англицизмов,_согласия_и.txt	aB8omP1rY8I	279	Маркировка-и-право	Маркировка-и-право	Новые правовые требования 2026: рекламный сбор 3%, запрет англицизмов, согласия и документы на лендинге, переписка с клиентами в мессенджерах
/Users/n.scherbakov/vitamin-speaker-talks/work/../transcripts/Маркировка-и-право/2026-04-09__Как_расти_в_новых_условиях_чек-лист_юридической_гигиены_(маркировка,_зарегистрир.txt	Nb4Xelw1AN4	3949	Маркировка-и-право	Маркировка-и-право	Как расти в новых условиях: чек-лист юридической гигиены (маркировка, зарегистрированные каналы, согласия на данные, язык) и перераспределение бюджета
/Users/n.scherbakov/vitamin-speaker-talks/work/../transcripts/Маркировка-и-право/2024-04-03__Все_о_правилах_маркировки_в_Telegram.txt	JGuBLaMWleo		Маркировка-и-право	Маркировка-и-право	Все о правилах маркировки в Telegram
/Users/n.scherbakov/vitamin-speaker-talks/work/../transcripts/Маркировка-и-право/2026-04-09__Что_происходит_с_Telegram_и_как_работать_в_рамках_закона_маркировка,_персональны.txt	Nb4Xelw1AN4	29	Маркировка-и-право	Маркировка-и-право	Что происходит с Telegram и как работать в рамках закона: маркировка, персональные данные, регистрация каналов в РКН, приоритет русского языка
/Users/n.scherbakov/vitamin-speaker-talks/work/../transcripts/Стратегия-и-тренды/2026-01-29__Какие_креативы_оставить_в_прошлом,_чтобы_не_сливать_бюджет_в_2026.txt	rfQlbDek548	0	Стратегия-и-тренды	Креативы-и-баннерная-слепота	Какие креативы оставить в прошлом, чтобы не сливать бюджет в 2026
/Users/n.scherbakov/vitamin-speaker-talks/work/../transcripts/Стратегия-и-тренды/2026-02-05__Наружная_реклама_Яндекса_в_Директе_форматы,_охват,_закупка.txt	oKmyco1cTfs	126	Стратегия-и-тренды	Наружка-и-DOOH	Наружная реклама Яндекса в Директе: форматы, охват, закупка
/Users/n.scherbakov/vitamin-speaker-talks/work/../transcripts/Стратегия-и-тренды/2025-07-24__Рабочая_стратегия_интернет-маркетинга_в_сложных_нишах_Удивляй._Прогревай._Продав.txt	I7H9ANNBXHk	4785	Стратегия-и-тренды	Конверсия-и-путь-клиента	Рабочая стратегия интернет-маркетинга в сложных нишах: Удивляй. Прогревай. Продавай.
/Users/n.scherbakov/vitamin-speaker-talks/work/../transcripts/Стратегия-и-тренды/2024-05-10__С_какими_нишами_не_стоит_заходить_в_контекст.txt	C_0UQjbQAV0		Стратегия-и-тренды	Контекст-и-Яндекс-Директ	С какими нишами не стоит заходить в «контекст»?
/Users/n.scherbakov/vitamin-speaker-talks/work/../transcripts/Стратегия-и-тренды/2025-07-09__Маршрут_к_покупателю_как_геосервисы_(медийная_реклама_в_Картах)_помогают_офлайн-.txt	n3DFlyOiTxc	5786	Стратегия-и-тренды	Геосервисы-Карты-2ГИС	Маршрут к покупателю: как геосервисы (медийная реклама в Картах) помогают офлайн- и онлайн-бизнесам находить клиентов
/Users/n.scherbakov/vitamin-speaker-talks/work/../transcripts/Стратегия-и-тренды/2026-03-17__ИИ_для_контекстной_рекламы_как_системно_привлекать_клиентов_в_2026.txt	2mFMNQrt98U	289	Стратегия-и-тренды	Контекст-и-Яндекс-Директ	ИИ для контекстной рекламы: как системно привлекать клиентов в 2026
/Users/n.scherbakov/vitamin-speaker-talks/work/../transcripts/Стратегия-и-тренды/2025-07-16__Что_кроме_Директа_топ-5_альтернативных_маркетинговых_каналов_в_2025.txt	a-Os2oR17Qg	464	Стратегия-и-тренды	Контекст-и-Яндекс-Директ	Что кроме Директа: топ-5 альтернативных маркетинговых каналов в 2025
/Users/n.scherbakov/vitamin-speaker-talks/work/../transcripts/Стратегия-и-тренды/2026-05-16__Тренды_потребления_и_как_их_использовать.txt	zd2W3KQzKHs		Стратегия-и-тренды	Тренды-и-рынок	Тренды потребления и как их использовать
/Users/n.scherbakov/vitamin-speaker-talks/work/../transcripts/Стратегия-и-тренды/2026-06-10__Один_в_поле_не_воин_как_строить_диджитал-связки_в_2026_выбор_каналов_под_задачу_.txt	dQG8ofOpOAc	4239	Стратегия-и-тренды	Геосервисы-Карты-2ГИС	Один в поле не воин: как строить диджитал-связки в 2026 — выбор каналов под задачу бизнеса и цикл сделки, воронка, GEO/AI-поиск, брендформанс и геосервисы, кейсы вывода нового ЖК и премиум-товаров
/Users/n.scherbakov/vitamin-speaker-talks/work/../transcripts/Стратегия-и-тренды/2025-12-10__Как_выжать_максимум_из_Яндекс_Директа_в_новых_реалиях_форматы_и_оптимизация.txt	4VzgBPUTnWg	4681	Стратегия-и-тренды	Контекст-и-Яндекс-Директ	Как выжать максимум из Яндекс Директа в новых реалиях: форматы и оптимизация
/Users/n.scherbakov/vitamin-speaker-talks/work/../transcripts/Стратегия-и-тренды/2025-12-17__Рабочие_инструменты_трафика_для_селлеров_VK,_Яндекс_Директ,_Telegram_Ads_и_едино.txt	vDgfPruSPIU	222	Стратегия-и-тренды	Telegram-и-мессенджеры	Рабочие инструменты трафика для селлеров: VK, Яндекс Директ, Telegram Ads и единое окно
/Users/n.scherbakov/vitamin-speaker-talks/work/../transcripts/Стратегия-и-тренды/2026-05-15__Как_теряется_бюджет_ещё_до_запуска_рекламы_ошибки_целеполагания,_экономики_и_под.txt	7xCF6blkPT4	182	Стратегия-и-тренды	Стратегия-и-медиапланирование	Как теряется бюджет ещё до запуска рекламы: ошибки целеполагания, экономики и подхода, роль медиаплана и готовности сайта и отдела продаж
/Users/n.scherbakov/vitamin-speaker-talks/work/../transcripts/Стратегия-и-тренды/2025-08-26__Подготовка_рекламы_к_календарным_праздникам_и_инфоповодам.txt	TpQobHSKh9c	3185	Стратегия-и-тренды	Стратегия-и-медиапланирование	Подготовка рекламы к календарным праздникам и инфоповодам
/Users/n.scherbakov/vitamin-speaker-talks/work/../transcripts/Стратегия-и-тренды/2026-05-25__Контекстная_реклама_в_турбулентном_2026_стратегии_и_Яндекс_Директ.txt	D5L2zfPmss0	335	Стратегия-и-тренды	Контекст-и-Яндекс-Директ	Контекстная реклама в турбулентном 2026: стратегии и Яндекс Директ
/Users/n.scherbakov/vitamin-speaker-talks/work/../transcripts/Стратегия-и-тренды/2025-06-05__Вне_контекста_SMS_как_новый_канал_для_продвижения_бизнеса.txt	R-37vWm-e0M	478	Стратегия-и-тренды	Email-CRM-и-рассылки	Вне контекста: SMS как новый канал для продвижения бизнеса
/Users/n.scherbakov/vitamin-speaker-talks/work/../transcripts/Стратегия-и-тренды/2026-07-14__Внешний_трафик_в_Макс_кривая_принятия_площадки,_бесплатные_и_платные_источники,_.txt	9vRws4Vb4T4	3852	Стратегия-и-тренды	Telegram-и-мессенджеры	Внешний трафик в Макс: кривая принятия площадки, бесплатные и платные источники, органика и кросс-промо, перелив аудитории из ВК и Telegram, выбор сервисов аналитики и стоимость подписчика через VK Рекламу
/Users/n.scherbakov/vitamin-speaker-talks/work/../transcripts/Стратегия-и-тренды/2026-02-05__Digital-экраны_как_вход_в_интернет-воронку_кейс_и_связка_с_ретаргетингом.txt	oKmyco1cTfs	2087	Стратегия-и-тренды	Наружка-и-DOOH	Digital-экраны как вход в интернет-воронку: кейс и связка с ретаргетингом
/Users/n.scherbakov/vitamin-speaker-talks/work/../transcripts/Стратегия-и-тренды/2026-02-05__Автоматизация_DOOH_и_программатик_как_защита_рекламного_бюджета.txt	oKmyco1cTfs	3603	Стратегия-и-тренды	Наружка-и-DOOH	Автоматизация DOOH и программатик как защита рекламного бюджета
/Users/n.scherbakov/vitamin-speaker-talks/work/../transcripts/Стратегия-и-тренды/2026-07-10__Как_выделиться_на_рынке,_где_большому_заказчику_все_на_одно_лицо.txt	PJK7V-OmOUk	278	Стратегия-и-тренды	Стратегия-и-медиапланирование	Как выделиться на рынке, где большому заказчику «все на одно лицо»
/Users/n.scherbakov/vitamin-speaker-talks/work/../transcripts/Стратегия-и-тренды/2026-03-05__Ингредиентный_брендинг_как_производителю_комплектующих_стать_ценным_активом_для_.txt	KzlRTHbxlUk	6023	Стратегия-и-тренды	Производство-и-стройматериалы	Ингредиентный брендинг: как производителю комплектующих стать ценным активом для клиента и выйти из тени
/Users/n.scherbakov/vitamin-speaker-talks/work/../transcripts/Стратегия-и-тренды/2025-09-18__Три_стратегии_роста_в_кризис_LTV,_партизанский_маркетинг_и_антикризисные_офферы.txt	zv0S5kqj5bM	4171	Стратегия-и-тренды	Юнит-экономика-и-бюджеты	Три стратегии роста в кризис: LTV, партизанский маркетинг и антикризисные офферы
/Users/n.scherbakov/vitamin-speaker-talks/work/../transcripts/Стратегия-и-тренды/2026-01-29__Глобальные_тренды_2026_сегментация_и_стратегии_для_B2B_и_B2C.txt	rfQlbDek548	1427	Стратегия-и-тренды	Тренды-и-рынок	Глобальные тренды 2026: сегментация и стратегии для B2B и B2C
/Users/n.scherbakov/vitamin-speaker-talks/work/../transcripts/Стратегия-и-тренды/2026-03-05__Слив_бюджета_или_необходимость_маркетинговая_стратегия_для_B2B-производителей_по.txt	KzlRTHbxlUk	4571	Стратегия-и-тренды	Производство-и-стройматериалы	Слив бюджета или необходимость: маркетинговая стратегия для B2B-производителей — потребности, ЛПР, воронка и CJM
/Users/n.scherbakov/vitamin-speaker-talks/work/../transcripts/Стратегия-и-тренды/2026-02-03__Какие_процессы_в_диджитал-маркетинге_не_стоит_автоматизировать,_а_какие_можно_де.txt	wMYdp4eHrvE	124	Стратегия-и-тренды	ИИ-и-автоматизация	Какие процессы в диджитал-маркетинге не стоит автоматизировать, а какие можно делегировать ИИ
/Users/n.scherbakov/vitamin-speaker-talks/work/../transcripts/Стратегия-и-тренды/2024-01-12__Медиапланирование_в_контекстной_рекламе.txt	L-HWfBo33xo		Стратегия-и-тренды	Контекст-и-Яндекс-Директ	Медиапланирование в контекстной рекламе
/Users/n.scherbakov/vitamin-speaker-talks/work/../transcripts/Стратегия-и-тренды/2026-01-29__Тренды_брендовой_коммуникации_в_эпоху_дефицита_внимания.txt	rfQlbDek548	3937	Стратегия-и-тренды	Тренды-и-рынок	Тренды брендовой коммуникации в эпоху дефицита внимания
/Users/n.scherbakov/vitamin-speaker-talks/work/../transcripts/Стратегия-и-тренды/2026-03-04__Фишки_и_стратегии_поисковой_оптимизации_для_корпоративного_бизнеса.txt	ZHl6bM3nr1U	2305	Стратегия-и-тренды	SEO-и-органика	Фишки и стратегии поисковой оптимизации для корпоративного бизнеса
/Users/n.scherbakov/vitamin-speaker-talks/work/../transcripts/Стратегия-и-тренды/2025-12-23__Клиентский_путь_и_его_использование_для_планирования_медиа-активностей.txt	ETW3X7AoduY		Стратегия-и-тренды	Стратегия-и-медиапланирование	Клиентский путь и его использование для планирования медиа-активностей
/Users/n.scherbakov/vitamin-speaker-talks/work/../transcripts/Стратегия-и-тренды/2024-02-19__Что_нужно_сделать_для_подготовки_к_запуску_трафика.txt	dWECxXNGODg		Стратегия-и-тренды	Стратегия-и-медиапланирование	Что нужно сделать для подготовки к запуску трафика?
/Users/n.scherbakov/vitamin-speaker-talks/work/../transcripts/Стратегия-и-тренды/2025-08-13__Автоматизировать_нельзя_самостоятельно_что_автоматизировать_в_платном_трафике_ке.txt	htvR0uJclpA	153	Стратегия-и-тренды	ИИ-и-автоматизация	Автоматизировать нельзя самостоятельно: что автоматизировать в платном трафике — кейсы
/Users/n.scherbakov/vitamin-speaker-talks/work/../transcripts/Стратегия-и-тренды/2026-02-04__Продуктовый_маркетинг_в_2026_устойчивый_рост_через_ценность,_а_не_бюджет.txt	pW9-Rse-eXs	1265	Стратегия-и-тренды	Стратегия-и-медиапланирование	Продуктовый маркетинг в 2026: устойчивый рост через ценность, а не бюджет
/Users/n.scherbakov/vitamin-speaker-talks/work/../transcripts/Стратегия-и-тренды/2026-02-05__Креативы_против_баннерной_слепоты_механики_и_кейсы.txt	oKmyco1cTfs	5062	Стратегия-и-тренды	Креативы-и-баннерная-слепота	Креативы против баннерной слепоты: механики и кейсы
/Users/n.scherbakov/vitamin-speaker-talks/work/../transcripts/Стратегия-и-тренды/2024-06-18__Комплексный_маркетинг_кейсы._Ошибка_большинства_специалистов.txt	-X9Kk2iw4d4		Стратегия-и-тренды	Стратегия-и-медиапланирование	Комплексный маркетинг: кейсы. Ошибка большинства специалистов
/Users/n.scherbakov/vitamin-speaker-talks/work/../transcripts/Стратегия-и-тренды/2026-07-07__ИИ_в_маркетинге_для_специалистов_по_платному_трафику_как_нейросети_меняют_работу.txt	z9j9PjV_PMQ	345	Стратегия-и-тренды	ИИ-и-автоматизация	ИИ в маркетинге для специалистов по платному трафику: как нейросети меняют работу, санкции Яндекса за AI-контент и E-E-A-T, промты и инструменты для креативов, оферов и анализа конкурентов
/Users/n.scherbakov/vitamin-speaker-talks/work/../transcripts/Стратегия-и-тренды/2025-07-03__Без_тормозов_что_происходит_с_авторынком_в_России.txt	7f_qKhk-GPs	266	Стратегия-и-тренды	Авто-и-дилеры	Без тормозов: что происходит с авторынком в России
/Users/n.scherbakov/vitamin-speaker-talks/work/../transcripts/Стратегия-и-тренды/2025-11-14__Геомаркетинг_в_стратегии_продвижения_брендированное_размещение_на_Яндекс.Картах_.txt	aBiRIqmqXcw	3740	Стратегия-и-тренды	Геосервисы-Карты-2ГИС	Геомаркетинг в стратегии продвижения: брендированное размещение на Яндекс.Картах (кейс Crocus Fitness)
/Users/n.scherbakov/vitamin-speaker-talks/work/../transcripts/Стратегия-и-тренды/2025-07-15__Будущее_Telegram_для_бизнеса_историческая_справка,_аудитория_и_рекламодатели_сей.txt	kkY4iUDVDIU	225	Стратегия-и-тренды	Telegram-и-мессенджеры	Будущее Telegram для бизнеса: историческая справка, аудитория и рекламодатели сейчас, тренды (внешний трафик из ВК/Директа, розыгрыши, веб-аппы, нейросети)
/Users/n.scherbakov/vitamin-speaker-talks/work/../transcripts/Стратегия-и-тренды/2025-09-09__Что_стоит_и_что_не_стоит_автоматизировать_в_маркетинге_с_помощью_ИИ.txt	5W_2AvSVI7c	2087	Стратегия-и-тренды	ИИ-и-автоматизация	Что стоит и что не стоит автоматизировать в маркетинге с помощью ИИ
/Users/n.scherbakov/vitamin-speaker-talks/work/../transcripts/Стратегия-и-тренды/2025-12-10__ПромоСтраницы_для_тематики_SMB_от_стратегии_до_запуска.txt	4VzgBPUTnWg	243	Стратегия-и-тренды	Контекст-и-Яндекс-Директ	ПромоСтраницы для тематики SMB: от стратегии до запуска
/Users/n.scherbakov/vitamin-speaker-talks/work/../transcripts/Стратегия-и-тренды/2025-12-15__Можно_ли_планировать_маркетинг_в_2026_году.txt	r-yOrVGFTsg		Стратегия-и-тренды	Стратегия-и-медиапланирование	Можно ли планировать маркетинг в 2026 году?
/Users/n.scherbakov/vitamin-speaker-talks/work/../transcripts/Стратегия-и-тренды/2025-12-10__Наружная_реклама_Яндекса_в_Директе_офлайн-канал_с_возможностями_онлайн.txt	4VzgBPUTnWg	2210	Стратегия-и-тренды	Наружка-и-DOOH	Наружная реклама Яндекса в Директе: офлайн-канал с возможностями онлайн
/Users/n.scherbakov/vitamin-speaker-talks/work/../transcripts/Стратегия-и-тренды/2026-03-17__Стоимость_лида_растёт_когда_менять_стратегию,_а_когда_искать_причины_вовне.txt	2mFMNQrt98U	5930	Стратегия-и-тренды	Юнит-экономика-и-бюджеты	Стоимость лида растёт: когда менять стратегию, а когда искать причины вовне
/Users/n.scherbakov/vitamin-speaker-talks/work/../transcripts/Стратегия-и-тренды/2025-08-07__ИИ-инструменты_Jivo_для_автоматизации_продаж_и_поддержки.txt	jsBUj75fHaA	193	Стратегия-и-тренды	Email-CRM-и-рассылки	ИИ-инструменты Jivo для автоматизации продаж и поддержки
/Users/n.scherbakov/vitamin-speaker-talks/work/../transcripts/Стратегия-и-тренды/2025-09-18__Антикризисный_маркетинг_стратегия,_три_сценария_бюджета_и_пошаговый_план.txt	zv0S5kqj5bM	246	Стратегия-и-тренды	Стратегия-и-медиапланирование	Антикризисный маркетинг: стратегия, три сценария бюджета и пошаговый план
/Users/n.scherbakov/vitamin-speaker-talks/work/../transcripts/Стратегия-и-тренды/2026-07-07__AI-агенты_для_бизнеса_топ_юзкейсов_внедрения_(SMM,_продажник,_бухгалтер,_ведение.txt	z9j9PjV_PMQ	1969	Стратегия-и-тренды	ИИ-и-автоматизация	AI-агенты для бизнеса: топ юзкейсов внедрения (SMM, продажник, бухгалтер, ведение Директа по API), отличие чата от обученного агента, слои памяти и MCP-коннекторы
/Users/n.scherbakov/vitamin-speaker-talks/work/../transcripts/Стратегия-и-тренды/2025-10-21__Планирование_маркетинга_почему_первична_база,_а_не_инструменты,_и_четыре_шага_к_.txt	TYUjllOeEJo	352	Стратегия-и-тренды	Стратегия-и-медиапланирование	Планирование маркетинга: почему первична база, а не инструменты, и четыре шага к плану
/Users/n.scherbakov/vitamin-speaker-talks/work/../transcripts/Стратегия-и-тренды/2025-07-23__Тренды_ретейл-медиа_как_маркетплейсы_становятся_рекламным_каналом.txt	_Vi5uQ0ykPg	188	Стратегия-и-тренды	Маркетплейсы-и-ритейл-медиа	Тренды ретейл-медиа: как маркетплейсы становятся рекламным каналом
/Users/n.scherbakov/vitamin-speaker-talks/work/../transcripts/Стратегия-и-тренды/2025-10-15__Рабочие_инструменты_для_продвижения_бизнеса_в_2026_ВКонтакте,_Яндекс_Директ_и_Te.txt	dNyUJjrE-ww	212	Стратегия-и-тренды	Telegram-и-мессенджеры	Рабочие инструменты для продвижения бизнеса в 2026: ВКонтакте, Яндекс Директ и Telegram
/Users/n.scherbakov/vitamin-speaker-talks/work/../transcripts/Стратегия-и-тренды/2025-10-21__Как_перераспределить_бюджет_и_масштабировать_долгосрочные_каналы_(SEO,_GEO,_геос.txt	TYUjllOeEJo	4404	Стратегия-и-тренды	Геосервисы-Карты-2ГИС	Как перераспределить бюджет и масштабировать долгосрочные каналы (SEO, GEO, геосервисы)
/Users/n.scherbakov/vitamin-speaker-talks/work/../transcripts/Стратегия-и-тренды/2026-07-07__Как_масштабировать_маркетинг_из_бутикового_подхода_в_промышленный_автоматизация_.txt	z9j9PjV_PMQ	5345	Стратегия-и-тренды	Производство-и-стройматериалы	Как масштабировать маркетинг из бутикового подхода в промышленный: автоматизация рутины и отчётов, сквозные дашборды и AI-агенты для перформанс-маркетинга
/Users/n.scherbakov/vitamin-speaker-talks/work/../transcripts/Стратегия-и-тренды/2025-08-26__Как_подготовить_соцсети_бренда_к_пику_продаж_ВК,_Telegram,_вебапы.txt	TpQobHSKh9c	154	Стратегия-и-тренды	Telegram-и-мессенджеры	Как подготовить соцсети бренда к пику продаж: ВК, Telegram, вебапы
/Users/n.scherbakov/vitamin-speaker-talks/work/../transcripts/Стратегия-и-тренды/2025-10-14__Вне_контекста_SMS_как_новый_канал_для_продвижения_бизнеса.txt	RC3e2Q0xfvg		Стратегия-и-тренды	Email-CRM-и-рассылки	Вне контекста: SMS как новый канал для продвижения бизнеса
/Users/n.scherbakov/vitamin-speaker-talks/work/../transcripts/Стратегия-и-тренды/2026-04-07__Как_брендам_найти_общий_язык_с_ЦА.txt	thmCYeyc1Zc		Стратегия-и-тренды	Стратегия-и-медиапланирование	Как брендам найти общий язык с ЦА
/Users/n.scherbakov/vitamin-speaker-talks/work/../transcripts/Стратегия-и-тренды/2026-05-20__Креативы,_которые_пробивают_баннерную_слепоту,_и_ИИ-контент_для_платного_трафика.txt	ygPlQ37jtWA	249	Стратегия-и-тренды	Креативы-и-баннерная-слепота	Креативы, которые пробивают баннерную слепоту, и ИИ-контент для платного трафика
/Users/n.scherbakov/vitamin-speaker-talks/work/../transcripts/Стратегия-и-тренды/2025-09-18__Как_маркетологу_получить_бюджет_на_продвижение_в_кризис.txt	zv0S5kqj5bM	2269	Стратегия-и-тренды	Стратегия-и-медиапланирование	Как маркетологу получить бюджет на продвижение в кризис
/Users/n.scherbakov/vitamin-speaker-talks/work/../transcripts/Стратегия-и-тренды/2026-06-03__Как_победить_панику_у_дилера_в_2026_году_и_вырасти_на_15%_стратегический_подход,.txt	-dMt6AhJ8eA	1779	Стратегия-и-тренды	Авто-и-дилеры	Как победить панику у дилера в 2026 году и вырасти на 15%: стратегический подход, перестройка структуры РК и УТП, изменение процессов внутри дилерского центра при падении рынка
/Users/n.scherbakov/vitamin-speaker-talks/work/../transcripts/Стратегия-и-тренды/2024-03-06__Как_увеличить_продажи_в_2_раза_не_увеличивая_рекламный_бюджет.txt	IdyeQCmcTBs		Стратегия-и-тренды	Стратегия-и-медиапланирование	Как увеличить продажи в 2 раза не увеличивая рекламный бюджет
/Users/n.scherbakov/vitamin-speaker-talks/work/../transcripts/Стратегия-и-тренды/2026-06-10__Три_кита_(Яндекс_Директ,_ВК,_контент-маркетинг)_в_связке_синергия_каналов_на_трё.txt	dQG8ofOpOAc	152	Стратегия-и-тренды	Стратегия-и-медиапланирование	Три кита (Яндекс Директ, ВК, контент-маркетинг) в связке: синергия каналов на трёх кейсах — магистратура/музей, культурный музей Гранмакет, детские хореографические конкурсы, роль Telegram
/Users/n.scherbakov/vitamin-speaker-talks/work/../transcripts/Стратегия-и-тренды/2026-04-23__Обзор_платной_рекламы_в_геосервисах_возможности_Яндекс_Бизнеса_и_2ГИС,_таргетинг.txt	GtBZs4I1VlY	0	Стратегия-и-тренды	Геосервисы-Карты-2ГИС	Обзор платной рекламы в геосервисах: возможности Яндекс Бизнеса и 2ГИС, таргетинги, оферы и встраивание в общую стратегию продвижения
/Users/n.scherbakov/vitamin-speaker-talks/work/../transcripts/Стратегия-и-тренды/2025-09-25__Как_продвигать_сложные_B2B-продукты_стратегия_для_промышленного_вендинга.txt	64OarXGR7lI	2262	Стратегия-и-тренды	Производство-и-стройматериалы	Как продвигать сложные B2B-продукты: стратегия для промышленного вендинга
/Users/n.scherbakov/vitamin-speaker-talks/work/../transcripts/Стратегия-и-тренды/2026-01-29__Тренды_2026_экономика_внимания,_органика_и_контент-воронки.txt	rfQlbDek548	6263	Стратегия-и-тренды	SEO-и-органика	Тренды 2026: экономика внимания, органика и контент-воронки
/Users/n.scherbakov/vitamin-speaker-talks/work/../transcripts/Стратегия-и-тренды/2026-04-23__Где_бизнес_теряет_клиентов_и_как_исправить_геомаркетингом_география_спроса,_конк.txt	GtBZs4I1VlY	4012	Стратегия-и-тренды	Геосервисы-Карты-2ГИС	Где бизнес теряет клиентов и как исправить геомаркетингом: география спроса, конкуренты, репутация, удержание и работа со старой базой, связка гео с перформансом (кейс Крокус Фитнес)
/Users/n.scherbakov/vitamin-speaker-talks/work/../transcripts/Стратегия-и-тренды/2025-09-16__Запуск_рассылок_и_каскадов_прямо_из_CRM_живое_демо_на_платформе_Elma_365.txt	VttzS9PTt0g	3730	Стратегия-и-тренды	Email-CRM-и-рассылки	Запуск рассылок и каскадов прямо из CRM: живое демо на платформе Elma 365
/Users/n.scherbakov/vitamin-speaker-talks/work/../transcripts/Стратегия-и-тренды/2025-10-21__Клиент_в_центре_карта_пути_клиента_(CJM)_и_Jobs_to_be_Done_для_медиаплана.txt	TYUjllOeEJo	2570	Стратегия-и-тренды	Конверсия-и-путь-клиента	Клиент в центре: карта пути клиента (CJM) и Jobs to be Done для медиаплана
/Users/n.scherbakov/vitamin-speaker-talks/work/../transcripts/Стратегия-и-тренды/2026-01-26__Performance-стратегия_для_среднего_бизнеса_бюджеты_до_1_млн_₽.txt	cKWCavR5nl4	2318	Стратегия-и-тренды	Юнит-экономика-и-бюджеты	Performance-стратегия для среднего бизнеса: бюджеты до 1 млн ₽
/Users/n.scherbakov/vitamin-speaker-talks/work/../transcripts/Стратегия-и-тренды/2025-12-17__Системный_маркетинг_вместо_быстрых_результатов.txt	EFYd2os0w_U		Стратегия-и-тренды	Стратегия-и-медиапланирование	Системный маркетинг вместо быстрых результатов
/Users/n.scherbakov/vitamin-speaker-talks/work/../transcripts/Стратегия-и-тренды/2025-09-25__Как_приводить_клиентов_в_сложные_ниши_на_примере_B2B_IT_каналы_лидогенерации_и_м.txt	64OarXGR7lI	308	Стратегия-и-тренды	Стратегия-и-медиапланирование	Как приводить клиентов в сложные ниши на примере B2B IT: каналы лидогенерации и мини-стратегии
/Users/n.scherbakov/vitamin-speaker-talks/work/../transcripts/Стратегия-и-тренды/2026-04-29__Какие_креативы_оставить_в_прошлом,_чтобы_не_сливать_бюджет.txt	ovR3Xp4wmM4		Стратегия-и-тренды	Креативы-и-баннерная-слепота	Какие креативы оставить в прошлом, чтобы не сливать бюджет
/Users/n.scherbakov/vitamin-speaker-talks/work/../transcripts/Стратегия-и-тренды/2025-09-16__Омниканальность_и_каскадные_рассылки_как_достучаться_до_клиента_и_сэкономить_бюд.txt	VttzS9PTt0g	1736	Стратегия-и-тренды	Email-CRM-и-рассылки	Омниканальность и каскадные рассылки: как достучаться до клиента и сэкономить бюджет
/Users/n.scherbakov/vitamin-speaker-talks/work/../transcripts/Личный-бренд-и-контент/2026-03-19__Зачем_руководителю_агентства_личный_бренд_и_как_на_нём_заработать.txt	JlZpMu_HOB8	248	Личный-бренд-и-контент	Личный-бренд-и-экспертность	Зачем руководителю агентства личный бренд и как на нём заработать
/Users/n.scherbakov/vitamin-speaker-talks/work/../transcripts/Личный-бренд-и-контент/2024-09-18__Все_способы_продвижения_личного_бренда._С_чего_начать.txt	crHi9ZZA9Sg		Личный-бренд-и-контент	Личный-бренд-и-экспертность	Все способы продвижения личного бренда. С чего начать?
/Users/n.scherbakov/vitamin-speaker-talks/work/../transcripts/Личный-бренд-и-контент/2025-10-21__Как_встроить_инфлюенс-маркетинг_в_медиаплан_и_годовой_календарь_бренда.txt	TYUjllOeEJo	8385	Личный-бренд-и-контент	Инфлюенс-маркетинг-и-посевы	Как встроить инфлюенс-маркетинг в медиаплан и годовой календарь бренда
/Users/n.scherbakov/vitamin-speaker-talks/work/../transcripts/Личный-бренд-и-контент/2026-07-22__Устойчивый_личный_бренд_как_привлекать_и_возвращать_клиентов_без_прямой_рекламы.txt	WKhNgjofKew	339	Личный-бренд-и-контент	Личный-бренд-и-экспертность	Устойчивый личный бренд: как привлекать и возвращать клиентов без прямой рекламы
/Users/n.scherbakov/vitamin-speaker-talks/work/../transcripts/Личный-бренд-и-контент/2025-07-16__Как_создавать_контент,_который_зайдёт,_и_не_тратить_много_времени.txt	a-Os2oR17Qg	2801	Личный-бренд-и-контент	Стратегия-и-медиапланирование	Как создавать контент, который зайдёт, и не тратить много времени
/Users/n.scherbakov/vitamin-speaker-talks/work/../transcripts/Личный-бренд-и-контент/2024-07-20__Путь_эксперта_по_маркетингу_личный_опыт.txt	YYXo7uUkiEo		Личный-бренд-и-контент	Личный-бренд-и-экспертность	Путь эксперта по маркетингу: личный опыт
/Users/n.scherbakov/vitamin-speaker-talks/work/../transcripts/Личный-бренд-и-контент/2026-03-05__3_стратегии_продвижения_производителя_с_помощью_контент-маркетинга_в_зависимости.txt	KzlRTHbxlUk	2383	Личный-бренд-и-контент	Производство-и-стройматериалы	3 стратегии продвижения производителя с помощью контент-маркетинга в зависимости от рынка и маржинальности
/Users/n.scherbakov/vitamin-speaker-talks/work/../transcripts/Личный-бренд-и-контент/2025-07-30__Креативный_контент_для_B2B.txt	3wjdKWWhwKA	2564	Личный-бренд-и-контент	Креативы-и-баннерная-слепота	Креативный контент для B2B
/Users/n.scherbakov/vitamin-speaker-talks/work/../transcripts/Личный-бренд-и-контент/2025-07-15__Как_вести_канал_в_Telegram,_который_будут_читать_аутентичный_продающий_контент,_.txt	kkY4iUDVDIU	6161	Личный-бренд-и-контент	Telegram-и-мессенджеры	Как вести канал в Telegram, который будут читать: аутентичный продающий контент, авторский голос, карта смыслов по лестнице Ханта, контент-машина и планирование
/Users/n.scherbakov/vitamin-speaker-talks/work/../transcripts/Личный-бренд-и-контент/2026-02-19__Создание_визуальных_креативов_для_таргетированной_рекламы_с_помощью_AI.txt	8fiLpwBfvKo	6765	Личный-бренд-и-контент	Креативы-и-баннерная-слепота	Создание визуальных креативов для таргетированной рекламы с помощью AI
/Users/n.scherbakov/vitamin-speaker-talks/work/../transcripts/Личный-бренд-и-контент/2025-04-07__Личный_бренд_для_руководителя_агентства.txt	nYgGw_RDNC4		Личный-бренд-и-контент	Личный-бренд-и-экспертность	Личный бренд для руководителя агентства
/Users/n.scherbakov/vitamin-speaker-talks/work/../transcripts/Личный-бренд-и-контент/2026-06-18__Какие_креативы_в_медицинском_сегменте_преодолевают_баннерную_слепоту.txt	rZICwWkzGNk	8474	Личный-бренд-и-контент	Медицина-и-клиники	Какие креативы в медицинском сегменте преодолевают баннерную слепоту
/Users/n.scherbakov/vitamin-speaker-talks/work/../transcripts/Личный-бренд-и-контент/2025-05-28__Как_агентствам_привлекать_клиентов_через_выступления.txt	H8AAoAKTZ0A		Личный-бренд-и-контент	Личный-бренд-и-экспертность	Как агентствам привлекать клиентов через выступления
/Users/n.scherbakov/vitamin-speaker-talks/work/../transcripts/Личный-бренд-и-контент/2026-04-28__Создание_визуальных_креативов_для_таргетированной_рекламы_с_помощью_ИИ_AB-тесты_.txt	Faa-qqo6CPc	2536	Личный-бренд-и-контент	Креативы-и-баннерная-слепота	Создание визуальных креативов для таргетированной рекламы с помощью ИИ: A/B-тесты нейро- vs живого контента, идеальный формат креатива, пробитие баннерной слепоты, спираль цикла сделок и стратегия мелких связок
/Users/n.scherbakov/vitamin-speaker-talks/work/../transcripts/Личный-бренд-и-контент/2026-06-10__Какие_креативы_в_медицине_пробивают_баннерную_слепоту.txt	NkBYdhly-Go	3405	Личный-бренд-и-контент	Медицина-и-клиники	Какие креативы в медицине пробивают баннерную слепоту
/Users/n.scherbakov/vitamin-speaker-talks/work/../transcripts/Личный-бренд-и-контент/2025-09-16__Креативный_контент_как_пробить_баннерную_слепоту_и_генерировать_контент_нейросет.txt	VttzS9PTt0g	251	Личный-бренд-и-контент	Креативы-и-баннерная-слепота	Креативный контент: как пробить баннерную слепоту и генерировать контент нейросетями
/Users/n.scherbakov/vitamin-speaker-talks/work/../transcripts/Личный-бренд-и-контент/2025-12-04__PR-стратегия_и_личный_бренд_для_агентства_как_привлекать_крупных_клиентов.txt	IJRJccZEr34	6170	Личный-бренд-и-контент	Личный-бренд-и-экспертность	PR-стратегия и личный бренд для агентства: как привлекать крупных клиентов
/Users/n.scherbakov/vitamin-speaker-talks/work/../transcripts/Личный-бренд-и-контент/2026-02-04__Репутационный_маркетинг_3.0_SERM,_ORM_и_GEO_в_единую_систему_(DV-индекс_видимост.txt	pW9-Rse-eXs	2351	Личный-бренд-и-контент	PR-и-репутация	Репутационный маркетинг 3.0: SERM, ORM и GEO в единую систему (DV-индекс видимости)
/Users/n.scherbakov/vitamin-speaker-talks/work/../transcripts/Личный-бренд-и-контент/2024-03-07__Как_digital-специалисту_продавать_свои_услуги_через_личный_блог.txt	oJ_mRuuBvhY		Личный-бренд-и-контент	Личный-бренд-и-экспертность	Как digital-специалисту продавать свои услуги через личный блог?
/Users/n.scherbakov/vitamin-speaker-talks/work/../transcripts/Личный-бренд-и-контент/2024-08-02__Как_выбрать_проморайтера_или_научиться_писать_крутые_промопосты_самому.txt	gPW5mfcs8pU		Личный-бренд-и-контент	Личный-бренд-и-экспертность	Как выбрать проморайтера или научиться писать крутые промопосты самому?
/Users/n.scherbakov/vitamin-speaker-talks/work/../transcripts/Личный-бренд-и-контент/2026-07-10__Записная_книжка_как_нетворкинг_и_личный_бренд_помогают_агентству_расти_x2.txt	PJK7V-OmOUk	7084	Личный-бренд-и-контент	Личный-бренд-и-экспертность	Записная книжка: как нетворкинг и личный бренд помогают агентству расти x2
/Users/n.scherbakov/vitamin-speaker-talks/work/../transcripts/Личный-бренд-и-контент/2025-07-28__Экспертный_контент_для_digital-агентства_7_мощных_инструментов,_кейсы_и_частые_ошибки.txt	FpVmbTRitww		Личный-бренд-и-контент	Личный-бренд-и-экспертность	Экспертный контент для digital-агентства: 7 мощных инструментов, кейсы и частые ошибки
/Users/n.scherbakov/vitamin-speaker-talks/work/../transcripts/Личный-бренд-и-контент/2025-08-13__Как_создавать_рекламные_креативы_без_копирайтера_с_помощью_ИИ.txt	htvR0uJclpA	1892	Личный-бренд-и-контент	Креативы-и-баннерная-слепота	Как создавать рекламные креативы без копирайтера с помощью ИИ
/Users/n.scherbakov/vitamin-speaker-talks/work/../transcripts/Лендинги-и-конверсия/2025-07-30__Стратегии_улучшения_UX_с_помощью_Roistat.txt	3wjdKWWhwKA	4213	Лендинги-и-конверсия	Лендинги-и-прототипы	Стратегии улучшения UX с помощью Roistat
/Users/n.scherbakov/vitamin-speaker-talks/work/../transcripts/Лендинги-и-конверсия/2026-06-10__Квиз_как_идеальная_посадочная_под_разные_типы_трафика_почему_конверсия_квиза_рас.txt	dQG8ofOpOAc	1765	Лендинги-и-конверсия	Лендинги-и-прототипы	Квиз как идеальная посадочная под разные типы трафика: почему конверсия квиза растёт, ветвление и сегментация, кейсы по нишам, сигналы для алгоритмов Яндекса, квиз-магазин и интеграции
/Users/n.scherbakov/vitamin-speaker-talks/work/../transcripts/Лендинги-и-конверсия/2025-07-09__Гиперсегментация_необходимый_инструмент_в_платном_трафике.txt	n3DFlyOiTxc	8444	Лендинги-и-конверсия	Стратегия-и-медиапланирование	Гиперсегментация — необходимый инструмент в платном трафике
/Users/n.scherbakov/vitamin-speaker-talks/work/../transcripts/Лендинги-и-конверсия/2026-07-22__Какие_креативы_в_таргетированной_рекламе_побеждают_баннерную_слепоту.txt	WKhNgjofKew	6954	Лендинги-и-конверсия	Креативы-и-баннерная-слепота	Какие креативы в таргетированной рекламе побеждают баннерную слепоту
/Users/n.scherbakov/vitamin-speaker-talks/work/../transcripts/Лендинги-и-конверсия/2024-08-11__Сколько_стоит_хороший_лендинг_и_как_выбрать_крутого_подрядчика.txt	aFAeCAJ8T-8		Лендинги-и-конверсия	Лендинги-и-прототипы	Сколько стоит хороший лендинг и как выбрать крутого подрядчика?
/Users/n.scherbakov/vitamin-speaker-talks/work/../transcripts/Лендинги-и-конверсия/2024-06-07__Продающие_лендинги_реальные_кейсы.txt	71M5QK65m_A		Лендинги-и-конверсия	Лендинги-и-прототипы	Продающие лендинги: реальные кейсы
/Users/n.scherbakov/vitamin-speaker-talks/work/../transcripts/Лендинги-и-конверсия/2024-08-13__Что_влияет_на_конверсию_лендинга_и_как_ее_повысить.txt	w-oRENC9aqg		Лендинги-и-конверсия	Лендинги-и-прототипы	Что влияет на конверсию лендинга и как ее повысить?
/Users/n.scherbakov/vitamin-speaker-talks/work/../transcripts/Лендинги-и-конверсия/2026-03-12__Где_бизнес_теряет_деньги_между_кликом_и_оплатой_конверсия,_скорость_ответа_и_авт.txt	lmPExkGwMUc	1922	Лендинги-и-конверсия	Конверсия-и-путь-клиента	Где бизнес теряет деньги между кликом и оплатой: конверсия, скорость ответа и автоматизация
/Users/n.scherbakov/vitamin-speaker-talks/work/../transcripts/Лендинги-и-конверсия/2026-03-12__Куда_девается_трафик_слабые_места_маркетинга,_где_бизнес_теряет_деньги_после_кли.txt	lmPExkGwMUc	414	Лендинги-и-конверсия	Конверсия-и-путь-клиента	Куда девается трафик: слабые места маркетинга, где бизнес теряет деньги после клика
/Users/n.scherbakov/vitamin-speaker-talks/work/../transcripts/Лендинги-и-конверсия/2026-06-25__Как_довести_заявки_из_Директа_до_продажи_качество_трафика_и_квал-лиды_против_деш.txt	VCfJw0HqFj0	3955	Лендинги-и-конверсия	Контекст-и-Яндекс-Директ	Как довести заявки из Директа до продажи: качество трафика и квал-лиды против дешёвого CPL, сильный оффер и посадочная, переписывание объявлений на языке клиента через глубинные интервью, отстройка от реальных конкурентов, роль органики в B2B
/Users/n.scherbakov/vitamin-speaker-talks/work/../transcripts/Лендинги-и-конверсия/2024-08-18__Как_завоевать_доверие_посетителя_лендинга.txt	ZMJubooJHTA		Лендинги-и-конверсия	Лендинги-и-прототипы	Как завоевать доверие посетителя лендинга?
/Users/n.scherbakov/vitamin-speaker-talks/work/../transcripts/Лендинги-и-конверсия/2024-04-26__Современные_товарные_лендинги_что_важно_учесть_при_разработке.txt	KXaQ5woJgBQ		Лендинги-и-конверсия	Лендинги-и-прототипы	Современные товарные лендинги: что важно учесть при разработке
/Users/n.scherbakov/vitamin-speaker-talks/work/../transcripts/Лендинги-и-конверсия/2024-05-29__На_что_обращать_внимание_при_аудите_лендинга_клиента.txt	LO1CEY5akW0		Лендинги-и-конверсия	Лендинги-и-прототипы	На что обращать внимание при аудите лендинга клиента?
/Users/n.scherbakov/vitamin-speaker-talks/work/../transcripts/Лендинги-и-конверсия/2025-08-07__Создание_сайтов_с_помощью_ИИ_генератор_Craftum_AI.txt	jsBUj75fHaA	1862	Лендинги-и-конверсия	Лендинги-и-прототипы	Создание сайтов с помощью ИИ: генератор Craftum AI
/Users/n.scherbakov/vitamin-speaker-talks/work/../transcripts/Лендинги-и-конверсия/2024-06-04__Как_сделать_лендинг_под_все_услуги_компании.txt	lbTVad-4Kwc		Лендинги-и-конверсия	Лендинги-и-прототипы	Как сделать лендинг под все услуги компании?
/Users/n.scherbakov/vitamin-speaker-talks/work/../transcripts/Лендинги-и-конверсия/2024-02-09__Как_измерить_эффективность_лендинга_количественные_и_качественные_метрики.txt	ulKgsBBfjc4		Лендинги-и-конверсия	Лендинги-и-прототипы	Как измерить эффективность лендинга: количественные и качественные метрики
/Users/n.scherbakov/vitamin-speaker-talks/work/../transcripts/Лендинги-и-конверсия/2024-02-11__Как_выбрать_дизайн_для_лендинга_и_не_пожалеть.txt	TjBhS-75NP8		Лендинги-и-конверсия	Лендинги-и-прототипы	Как выбрать дизайн для лендинга и не пожалеть?
/Users/n.scherbakov/vitamin-speaker-talks/work/../transcripts/Лендинги-и-конверсия/2024-08-10__Как_делаются_лендинги_с_высокой_конверсией.txt	OXc01ViSHRQ		Лендинги-и-конверсия	Лендинги-и-прототипы	Как делаются лендинги с высокой конверсией?
/Users/n.scherbakov/vitamin-speaker-talks/work/../transcripts/Лендинги-и-конверсия/2024-02-10__Сильные_и_слабые_офферы_для_лендингов.txt	-UWBlPpXroU		Лендинги-и-конверсия	Лендинги-и-прототипы	Сильные и слабые офферы для лендингов
/Users/n.scherbakov/vitamin-speaker-talks/work/../transcripts/Лендинги-и-конверсия/2024-04-22__Преодоление_баннерной_слепоты_как_способ_увеличить_конверсию_лендинга.txt	JtvKLi5K7QY		Лендинги-и-конверсия	Лендинги-и-прототипы	Преодоление баннерной слепоты как способ увеличить конверсию лендинга
/Users/n.scherbakov/vitamin-speaker-talks/work/../transcripts/Лендинги-и-конверсия/2024-05-31__Пошаговый_алгоритм_создания_лендинга.txt	dso5bT_rZ2I		Лендинги-и-конверсия	Лендинги-и-прототипы	Пошаговый алгоритм создания лендинга
/Users/n.scherbakov/vitamin-speaker-talks/work/../transcripts/Лендинги-и-конверсия/2024-04-24__Как_заставить_пользователей_прокрутить_лендинг_до_конца.txt	Ereqn0A5APk		Лендинги-и-конверсия	Лендинги-и-прототипы	Как заставить пользователей прокрутить лендинг до конца?
/Users/n.scherbakov/vitamin-speaker-talks/work/../transcripts/Лендинги-и-конверсия/2024-01-31__Аналитика_посадочной_страницы_перед_запуском_рекламного_трафика.txt	uqECb6txp7c		Лендинги-и-конверсия	Лендинги-и-прототипы	Аналитика посадочной страницы перед запуском рекламного трафика
/Users/n.scherbakov/vitamin-speaker-talks/work/../transcripts/Лендинги-и-конверсия/2026-02-17__Жизнь_после_клика_ретаргетинг_и_стратегии_возврата_внимания.txt	ElZriPa_Ra0	250	Лендинги-и-конверсия	Конверсия-и-путь-клиента	Жизнь после клика: ретаргетинг и стратегии возврата внимания
/Users/n.scherbakov/vitamin-speaker-talks/work/../transcripts/Лендинги-и-конверсия/2024-02-08__Что_делать,_если_лендинг_не_приносит_заявок.txt	nHyTC5f1It0		Лендинги-и-конверсия	Лендинги-и-прототипы	Что делать, если лендинг не приносит заявок?
/Users/n.scherbakov/vitamin-speaker-talks/work/../transcripts/Лендинги-и-конверсия/2024-04-18__Снижение_стоимости_заявки_за_счет_релевантности_оффера_и_рекламных_объявлений.txt	OzuVlUCkL8k		Лендинги-и-конверсия	Стратегия-и-медиапланирование	Снижение стоимости заявки за счет релевантности оффера и рекламных объявлений
/Users/n.scherbakov/vitamin-speaker-talks/work/../transcripts/Лендинги-и-конверсия/2024-06-02__Тексты_для_лендинга_какими_они_должны_быть.txt	ns3cq4jaHxg		Лендинги-и-конверсия	Лендинги-и-прототипы	Тексты для лендинга: какими они должны быть
/Users/n.scherbakov/vitamin-speaker-talks/work/../transcripts/Лендинги-и-конверсия/2025-07-30__Как_увеличить_конверсию_сайта_5_ключевых_шагов.txt	3wjdKWWhwKA	218	Лендинги-и-конверсия	Лендинги-и-прототипы	Как увеличить конверсию сайта: 5 ключевых шагов
/Users/n.scherbakov/vitamin-speaker-talks/work/../transcripts/Лендинги-и-конверсия/2024-08-15__Что_такое_прототип_лендинга_и_каким_он_должен_быть.txt	7vCDb-y3DxA		Лендинги-и-конверсия	Лендинги-и-прототипы	Что такое прототип лендинга и каким он должен быть?
/Users/n.scherbakov/vitamin-speaker-talks/work/../transcripts/Лендинги-и-конверсия/2024-04-21__Как_делать_качественные_прототипы_для_лендингов.txt	qrE9ntHkAOQ		Лендинги-и-конверсия	Лендинги-и-прототипы	Как делать качественные прототипы для лендингов?
/Users/n.scherbakov/vitamin-speaker-talks/work/../transcripts/Лендинги-и-конверсия/2024-04-20__Как_использовать_технологии_лендингов_в_интернет-магазинах.txt	vTl1NDAo3uE		Лендинги-и-конверсия	Лендинги-и-прототипы	Как использовать технологии лендингов в интернет-магазинах
/Users/n.scherbakov/vitamin-speaker-talks/work/../transcripts/Фриланс-и-продуктивность/2024-07-15__Что_выбрать_начинающему_специалисту_фриланс_или_работу_в_команде.txt	7iYXIP4uZW4		Фриланс-и-продуктивность	Фриланс-и-продуктивность	Что выбрать начинающему специалисту: фриланс или работу в команде?
/Users/n.scherbakov/vitamin-speaker-talks/work/../transcripts/Фриланс-и-продуктивность/2024-09-03__Как_победить_прокрастинацию.txt	S8hRAwONACY		Фриланс-и-продуктивность	Фриланс-и-продуктивность	Как победить прокрастинацию?
/Users/n.scherbakov/vitamin-speaker-talks/work/../transcripts/Фриланс-и-продуктивность/2024-07-12__Как_на_фрилансе_выйти_на_доход_от_300_000_рублей_в_месяц.txt	snJ1ELgJHWM		Фриланс-и-продуктивность	Фриланс-и-продуктивность	Как на фрилансе выйти на доход от 300 000 рублей в месяц
/Users/n.scherbakov/vitamin-speaker-talks/work/../transcripts/Фриланс-и-продуктивность/2024-08-04__Сколько_зарабатывает_трафик-менеджер_в_нише_инфобизнеса.txt	Cei8hrv3Y_Y		Фриланс-и-продуктивность	Фриланс-и-продуктивность	Сколько зарабатывает трафик-менеджер в нише инфобизнеса?
/Users/n.scherbakov/vitamin-speaker-talks/work/../transcripts/Фриланс-и-продуктивность/2024-02-15__Как_таргетологу_делать_меньше,_а_успевать_больше.txt	MCctW6fCkgQ		Фриланс-и-продуктивность	Фриланс-и-продуктивность	Как таргетологу делать меньше, а успевать больше
/Users/n.scherbakov/vitamin-speaker-talks/work/../transcripts/Фриланс-и-продуктивность/2024-07-16__Работа_на_фрилансе_или_в_агентстве_плюсы_и_минусы.txt	CX6s6FG-gso		Фриланс-и-продуктивность	Фриланс-и-продуктивность	Работа на фрилансе или в агентстве: плюсы и минусы
/Users/n.scherbakov/vitamin-speaker-talks/work/../transcripts/Фриланс-и-продуктивность/2024-02-13__Какие_варианты_масштабирования_для_таргетолога_существуют.txt	Vs1wE1QXfSU		Фриланс-и-продуктивность	Фриланс-и-продуктивность	Какие варианты масштабирования для таргетолога существуют?
/Users/n.scherbakov/vitamin-speaker-talks/work/../transcripts/Фриланс-и-продуктивность/2024-09-05__Что_делать,_если_страшно_повышать_ценник_на_свои_услуги.txt	FasP03q_6uU		Фриланс-и-продуктивность	Фриланс-и-продуктивность	Что делать, если страшно повышать ценник на свои услуги?
/Users/n.scherbakov/vitamin-speaker-talks/work/../transcripts/Фриланс-и-продуктивность/2026-04-02__Софты_в_маркетинге_как_остаться_незаменимым_для_нейросетей.txt	UANYpJBxGjg	2271	Фриланс-и-продуктивность	Фриланс-и-продуктивность	Софты в маркетинге: как остаться незаменимым для нейросетей
/Users/n.scherbakov/vitamin-speaker-talks/work/../transcripts/Фриланс-и-продуктивность/2024-08-31__Тайм-менеджмент_как_научиться_управлять_своим_рабочим_временем.txt	TWyk3aRehMA		Фриланс-и-продуктивность	Фриланс-и-продуктивность	Тайм-менеджмент: как научиться управлять своим рабочим временем?
/Users/n.scherbakov/vitamin-speaker-talks/work/../transcripts/Фриланс-и-продуктивность/2024-08-29__Как_маркетологу_пробить_свой_потолок_дохода.txt	FqYD-RJ1Ix0		Фриланс-и-продуктивность	Фриланс-и-продуктивность	Как маркетологу пробить свой потолок дохода?
/Users/n.scherbakov/vitamin-speaker-talks/work/../transcripts/Фриланс-и-продуктивность/2024-02-20__Сколько_проектов_может_вести_таргетолог.txt	pVNM5Nue8oM		Фриланс-и-продуктивность	Фриланс-и-продуктивность	Сколько проектов может вести таргетолог?
/Users/n.scherbakov/vitamin-speaker-talks/work/../transcripts/Фриланс-и-продуктивность/2024-09-13__Как_победить_синдром_самозванца_и_начать_прокачивать_личный_бренд.txt	WNH6dfx4Pwg		Фриланс-и-продуктивность	Фриланс-и-продуктивность	Как победить синдром самозванца и начать прокачивать личный бренд?
/Users/n.scherbakov/vitamin-speaker-talks/work/../transcripts/Фриланс-и-продуктивность/2025-12-16__Выгорание_в_digital_работать_в_2_раза_меньше,_а_делать_в_3_раза_больше.txt	O3ZVomhmE48	2110	Фриланс-и-продуктивность	Фриланс-и-продуктивность	Выгорание в digital: работать в 2 раза меньше, а делать в 3 раза больше
/Users/n.scherbakov/vitamin-speaker-talks/work/../transcripts/Фриланс-и-продуктивность/2024-07-23__Кому_подходит_и_кому_точно_не_подойдет_работа_на_фрилансе.txt	ct1rqfwj4IM		Фриланс-и-продуктивность	Фриланс-и-продуктивность	Кому подходит и кому точно не подойдет работа на фрилансе?
/Users/n.scherbakov/vitamin-speaker-talks/work/../transcripts/Telegram-маркетинг/2026-03-02__Как_снизить_стоимость_лида_и_подписчика_в_Telegram_Ads_5_кейсов.txt	_nZEFIaC-3E	290	Telegram-маркетинг	Telegram-и-мессенджеры	Как снизить стоимость лида и подписчика в Telegram Ads: 5 кейсов
/Users/n.scherbakov/vitamin-speaker-talks/work/../transcripts/Telegram-маркетинг/2024-05-21__Эффективное_продвижение_в_Telegram_кейсы.txt	wpV0IITFb8A		Telegram-маркетинг	Telegram-и-мессенджеры	Эффективное продвижение в Telegram: кейсы
/Users/n.scherbakov/vitamin-speaker-talks/work/../transcripts/Telegram-маркетинг/2024-05-23__Для_каких_ниш_подходит_Telegram,_а_для_каких_-_нет.txt	8WYvpQ1yQqI		Telegram-маркетинг	Telegram-и-мессенджеры	Для каких ниш подходит Telegram, а для каких - нет
/Users/n.scherbakov/vitamin-speaker-talks/work/../transcripts/Telegram-маркетинг/2024-04-01__Какие_KPI_справедливы_для_Telegram-канала.txt	hHR-zZnZMqY		Telegram-маркетинг	Telegram-и-мессенджеры	Какие KPI справедливы для Telegram-канала?
/Users/n.scherbakov/vitamin-speaker-talks/work/../transcripts/Telegram-маркетинг/2025-07-15__Читкоды_и_тренды_Telegram_Ads_какие_категории_и_форматы_отрабатывают,_частота_и_.txt	kkY4iUDVDIU	2048	Telegram-маркетинг	Telegram-и-мессенджеры	Читкоды и тренды Telegram Ads: какие категории и форматы отрабатывают, частота и таргетинг, перегретые аукционы, работа с бигдатой
/Users/n.scherbakov/vitamin-speaker-talks/work/../transcripts/Telegram-маркетинг/2026-03-02__5_инструментов,_чтобы_сделать_из_Telegram_Ads_полноценный_канал_перформанса_(Web.txt	_nZEFIaC-3E	2411	Telegram-маркетинг	Telegram-и-мессенджеры	5 инструментов, чтобы сделать из Telegram Ads полноценный канал перформанса (Web App, Bigdata, Pixel, спай-сервисы, визуальные креативы)
/Users/n.scherbakov/vitamin-speaker-talks/work/../transcripts/Telegram-маркетинг/2024-04-06__Telegram-боты_средство_развития_продукта_и_увеличения_прибыли.txt	9_b-4fGlc2Y		Telegram-маркетинг	Telegram-и-мессенджеры	Telegram-боты: средство развития продукта и увеличения прибыли
/Users/n.scherbakov/vitamin-speaker-talks/work/../transcripts/Telegram-маркетинг/2025-07-10__Великий_и_эффективный_Telegram_инструменты_для_повышения_продаж_(каналы,_чат-бот.txt	ZTIqztHb0NQ	4826	Telegram-маркетинг	Telegram-и-мессенджеры	Великий и эффективный Telegram: инструменты для повышения продаж (каналы, чат-боты, Telegram Ads, РСЯ)
/Users/n.scherbakov/vitamin-speaker-talks/work/../transcripts/Telegram-маркетинг/2024-05-21__Особенности_работы_в_Telegram_и_его_отличия_от_других_площадок.txt	R7PT0RfMGw0		Telegram-маркетинг	Telegram-и-мессенджеры	Особенности работы в Telegram и его отличия от других площадок
/Users/n.scherbakov/vitamin-speaker-talks/work/../transcripts/Telegram-маркетинг/2024-05-18__Специфичные_для_Telegram_KPI_подписчики,_просмотры,_переходы.txt	lW5V8IwQdU8		Telegram-маркетинг	Telegram-и-мессенджеры	Специфичные для Telegram KPI: подписчики, просмотры, переходы
/Users/n.scherbakov/vitamin-speaker-talks/work/../transcripts/Telegram-маркетинг/2025-11-19__4_ошибки_в_Telegram_Ads_на_основе_15+_кейсов_с_бюджетами_€300_000.txt	CuPFIG81V-Q	1481	Telegram-маркетинг	Telegram-и-мессенджеры	4 ошибки в Telegram Ads на основе 15+ кейсов с бюджетами €300 000
/Users/n.scherbakov/vitamin-speaker-talks/work/../transcripts/Telegram-маркетинг/2026-06-10__Качаем_МАХ_через_Яндекс_Директ_зачем_заходить_в_мессенджер_сейчас,_оформление_и_.txt	dQG8ofOpOAc	5981	Telegram-маркетинг	Telegram-и-мессенджеры	Качаем МАХ через Яндекс Директ: зачем заходить в мессенджер сейчас, оформление и лид-магнит канала, генерация контента, перелив аудитории, продвижение через Директ/ВК Рекламу и посевы
/Users/n.scherbakov/vitamin-speaker-talks/work/../transcripts/Telegram-маркетинг/2025-07-03__TG_Ads_для_привоза_авто_из_Кореи_и_Дубая_277_подписчиков_и_продаж_на_10_миллионо.txt	7f_qKhk-GPs	5560	Telegram-маркетинг	Авто-и-дилеры	TG Ads для привоза авто из Кореи и Дубая: 277 подписчиков и продаж на 10 миллионов за 2 месяца
/Users/n.scherbakov/vitamin-speaker-talks/work/../transcripts/Telegram-маркетинг/2026-05-20__Холодный_ИИ-аутрич_в_мессенджерах_конверсия_в_ответ_30-40%_с_холодного_письма.txt	ygPlQ37jtWA	4208	Telegram-маркетинг	Продажи-и-отдел-продаж	Холодный ИИ-аутрич в мессенджерах: конверсия в ответ 30-40% с холодного письма
/Users/n.scherbakov/vitamin-speaker-talks/work/../transcripts/Telegram-маркетинг/2025-10-03__Telegram_Ads_для_агентств_как_продвигать_свой_бренд_и_искать_клиентов.txt	zm2lYY22jUM		Telegram-маркетинг	Агентский-бизнес-и-масштабирование	Telegram Ads для агентств: как продвигать свой бренд и искать клиентов
/Users/n.scherbakov/vitamin-speaker-talks/work/../transcripts/Telegram-маркетинг/2025-11-19__5_инструментов_Telegram_для_performance-маркетинга_WebApp,_Big_Data,_спай-сервис.txt	CuPFIG81V-Q	155	Telegram-маркетинг	Telegram-и-мессенджеры	5 инструментов Telegram для performance-маркетинга: WebApp, Big Data, спай-сервисы, пиксель, визуальные креативы
/Users/n.scherbakov/vitamin-speaker-talks/work/../transcripts/Telegram-маркетинг/2025-07-15__Особенности_инфлюенс-маркетинга_в_Telegram_подбор_каналов,_микроинфлюенсеры,_кре.txt	kkY4iUDVDIU	3696	Telegram-маркетинг	Инфлюенс-маркетинг-и-посевы	Особенности инфлюенс-маркетинга в Telegram: подбор каналов, микроинфлюенсеры, креативы и призывы, аналитика и корректировка кампаний, кейсы посевов
/Users/n.scherbakov/vitamin-speaker-talks/work/../transcripts/Telegram-маркетинг/2024-04-02__Как_заработать_на_сторис_в_Telegram.txt	FZXqhrUVHTY		Telegram-маркетинг	Telegram-и-мессенджеры	Как заработать на сторис в Telegram
/Users/n.scherbakov/vitamin-speaker-talks/work/../transcripts/Telegram-маркетинг/2026-02-10__Telegram_Ads_тесты,_снизившие_стоимость_заявки_онлайн-школы.txt	lhCmtQwHpe0	2728	Telegram-маркетинг	Образование-и-онлайн-школы	Telegram Ads: тесты, снизившие стоимость заявки онлайн-школы
/Users/n.scherbakov/vitamin-speaker-talks/work/../transcripts/Telegram-маркетинг/2026-07-14__Чат-боты_в_Макс_зачем_идти_на_площадку_сейчас,_кейсы_(статбот_для_отслеживания_т.txt	9vRws4Vb4T4	6036	Telegram-маркетинг	Telegram-и-мессенджеры	Чат-боты в Макс: зачем идти на площадку сейчас, кейсы (статбот для отслеживания трафика, лид-магнит с подборкой мероприятий, перенос бота из Telegram), верификация и прозрачность, влияние нейросетей на рынок
/Users/n.scherbakov/vitamin-speaker-talks/work/../transcripts/Telegram-маркетинг/2024-04-02__Закрытый_клуб_в_Telegram_с_доходом_от_100к_в_месяц.txt	GflPuM3Zddk		Telegram-маркетинг	Telegram-и-мессенджеры	Закрытый клуб в Telegram с доходом от 100к в месяц
/Users/n.scherbakov/vitamin-speaker-talks/work/../transcripts/Продажи-и-клиенты/2025-10-10__Клиенты_через_соцсети_агентства_и_Telegram-канал_фаундера.txt	a7kpxcY6Tto		Продажи-и-клиенты	Агентский-бизнес-и-масштабирование	Клиенты через соцсети агентства и Telegram-канал фаундера
/Users/n.scherbakov/vitamin-speaker-talks/work/../transcripts/Продажи-и-клиенты/2024-02-21__Продажа_услуг_digital-специалиста.txt	01bU4XAXJBM		Продажи-и-клиенты	Продажи-и-отдел-продаж	Продажа услуг digital-специалиста
/Users/n.scherbakov/vitamin-speaker-talks/work/../transcripts/Продажи-и-клиенты/2026-02-19__Витамины_для_увеличения_продаж_на_Авито_продажи_в_нише_B2B_(кейс).txt	5xYaeDIidjU	2051	Продажи-и-клиенты	Авито	Витамины для увеличения продаж на Авито: продажи в нише B2B (кейс)
/Users/n.scherbakov/vitamin-speaker-talks/work/../transcripts/Продажи-и-клиенты/2024-02-28__Как_понять_на_первом_созвоне_стоит_ли_работать_с_клиентом.txt	MRrplIeMLiQ		Продажи-и-клиенты	Продажи-и-отдел-продаж	Как понять на первом созвоне стоит ли работать с клиентом?
/Users/n.scherbakov/vitamin-speaker-talks/work/../transcripts/Продажи-и-клиенты/2025-07-10__6_решений_с_RetailCRM_подписки,_программа_лояльности,_каскады_и_автоматизация.txt	ZTIqztHb0NQ	2668	Продажи-и-клиенты	Email-CRM-и-рассылки	6 решений с RetailCRM: подписки, программа лояльности, каскады и автоматизация
/Users/n.scherbakov/vitamin-speaker-talks/work/../transcripts/Продажи-и-клиенты/2026-03-05__Эталонная_схема_процессов_в_B2B-отделе_продаж_квалификация,_продажа,_поддержка_о.txt	KzlRTHbxlUk	374	Продажи-и-клиенты	Продажи-и-отдел-продаж	Эталонная схема процессов в B2B-отделе продаж: квалификация, продажа, поддержка отношений и реанимация клиентской базы
/Users/n.scherbakov/vitamin-speaker-talks/work/../transcripts/Продажи-и-клиенты/2026-02-03__Слаженная_система_вместо_эстафеты_объединяем_маркетинг,_CRM_и_продажи.txt	wMYdp4eHrvE	2569	Продажи-и-клиенты	Email-CRM-и-рассылки	Слаженная система вместо эстафеты: объединяем маркетинг, CRM и продажи
/Users/n.scherbakov/vitamin-speaker-talks/work/../transcripts/Продажи-и-клиенты/2025-08-13__Автоматизация_маркетинга_без_IT_путь_от_заявки_до_CRM_за_10_секунд_на_no-code_Al.txt	htvR0uJclpA	6302	Продажи-и-клиенты	Email-CRM-и-рассылки	Автоматизация маркетинга без IT: путь от заявки до CRM за 10 секунд на no-code Albato
/Users/n.scherbakov/vitamin-speaker-talks/work/../transcripts/Продажи-и-клиенты/2026-04-16__Digital_против_связей_как_производителю_медицинской_мебели_получать_20%_сделок_и.txt	VJ2sQNIWn4A	6471	Продажи-и-клиенты	Производство-и-стройматериалы	Digital против связей: как производителю медицинской мебели получать 20% сделок из Яндекс.Директа в нише тендеров
/Users/n.scherbakov/vitamin-speaker-talks/work/../transcripts/Продажи-и-клиенты/2026-03-02__Когда_рекламы_недостаточно_как_работать_с_вниманием_аудитории_после_клика_(прогр.txt	_nZEFIaC-3E	3652	Продажи-и-клиенты	Конверсия-и-путь-клиента	Когда рекламы недостаточно: как работать с вниманием аудитории после клика (прогрев, сбор базы, долгосрочная стратегия)
/Users/n.scherbakov/vitamin-speaker-talks/work/../transcripts/Продажи-и-клиенты/2025-07-17__Как_сделать_сарафан_управляемым.txt	pwymamlDXTg		Продажи-и-клиенты	Продажи-и-отдел-продаж	Как сделать «сарафан» управляемым?
/Users/n.scherbakov/vitamin-speaker-talks/work/../transcripts/Продажи-и-клиенты/2025-07-28__От_тусовки_к_прибыли_как_рекламному_агентству_проводить_ивенты,_которые_приносят_крупных_л.txt	9U9nth66is8		Продажи-и-клиенты	Агентский-бизнес-и-масштабирование	От тусовки к прибыли: как рекламному агентству проводить ивенты, которые приносят крупных лидов
/Users/n.scherbakov/vitamin-speaker-talks/work/../transcripts/Продажи-и-клиенты/2024-02-17__Продажа_услуг_по_настройке_таргета_что_нужно_знать.txt	KlXScP6fzUk		Продажи-и-клиенты	Продажи-и-отдел-продаж	Продажа услуг по настройке таргета: что нужно знать
/Users/n.scherbakov/vitamin-speaker-talks/work/../transcripts/Продажи-и-клиенты/2026-03-04__Как_производители_делают_чат-ботов._Разбор_кейсов.txt	ZHl6bM3nr1U	10731	Продажи-и-клиенты	Производство-и-стройматериалы	Как производители делают чат-ботов. Разбор кейсов
/Users/n.scherbakov/vitamin-speaker-talks/work/../transcripts/Продажи-и-клиенты/2025-04-23__Почему_холодные_продажи_не_работают_и_как_это_исправить.txt	cI1XuS5Jq_k		Продажи-и-клиенты	Продажи-и-отдел-продаж	Почему холодные продажи не работают и как это исправить?
/Users/n.scherbakov/vitamin-speaker-talks/work/../transcripts/Продажи-и-клиенты/2025-04-03__Как_digital-агентству_продавать_через_личные_связи.txt	dr4shc23jSU		Продажи-и-клиенты	Агентский-бизнес-и-масштабирование	Как digital-агентству продавать через личные связи
/Users/n.scherbakov/vitamin-speaker-talks/work/../transcripts/Продажи-и-клиенты/2024-02-27__Основные_ошибки_в_продажах._Как_их_избежать.txt	cB9p3-WVpkk		Продажи-и-клиенты	Продажи-и-отдел-продаж	Основные ошибки в продажах. Как их избежать?
/Users/n.scherbakov/vitamin-speaker-talks/work/../transcripts/Продажи-и-клиенты/2025-07-24__Как_человекоцентричный_подход_помогает_продавать_сложный_продукт_глубокое_выявле.txt	I7H9ANNBXHk	318	Продажи-и-клиенты	Продажи-и-отдел-продаж	Как человекоцентричный подход помогает продавать сложный продукт: глубокое выявление потребностей и гибкость продуктов
/Users/n.scherbakov/vitamin-speaker-talks/work/../transcripts/Продажи-и-клиенты/2026-02-03__CRM_как_инфраструктура_маркетинга_и_продаж_данные,_AI_и_сценарии_работы_с_трафик.txt	wMYdp4eHrvE	1358	Продажи-и-клиенты	Email-CRM-и-рассылки	CRM как инфраструктура маркетинга и продаж: данные, AI и сценарии работы с трафиком
/Users/n.scherbakov/vitamin-speaker-talks/work/../transcripts/Продажи-и-клиенты/2025-07-29__Как_соблазнить_большую_компанию.txt	XxVEsa26eXY		Продажи-и-клиенты	Продажи-и-отдел-продаж	Как соблазнить большую компанию
/Users/n.scherbakov/vitamin-speaker-talks/work/../transcripts/Продажи-и-клиенты/2026-03-26__Как_ИИ-чат-бот_превращает_заявки_в_продажи.txt	SFh8IeQc42k	7268	Продажи-и-клиенты	ИИ-и-автоматизация	Как ИИ-чат-бот превращает заявки в продажи
/Users/n.scherbakov/vitamin-speaker-talks/work/../transcripts/Продажи-и-клиенты/2024-09-02__Стоит_ли_работать_с_клиентами,_с_которыми_некомфортно.txt	HHWGI1KkWFA		Продажи-и-клиенты	Продажи-и-отдел-продаж	Стоит ли работать с клиентами, с которыми некомфортно?
/Users/n.scherbakov/vitamin-speaker-talks/work/../transcripts/Продажи-и-клиенты/2025-10-15__Как_снизить_CPL_и_CPO_и_поднять_конверсию_с_помощью_ИИ-продавцов.txt	dNyUJjrE-ww	1684	Продажи-и-клиенты	Юнит-экономика-и-бюджеты	Как снизить CPL и CPO и поднять конверсию с помощью ИИ-продавцов
/Users/n.scherbakov/vitamin-speaker-talks/work/../transcripts/Продажи-и-клиенты/2025-07-29__Выиграй_тендер_с_1-ого_раза_полная_инструкция_по_подготовке,_подаче_и_защите.txt	izZkBPaBQws		Продажи-и-клиенты	Продажи-и-отдел-продаж	Выиграй тендер с 1-ого раза — полная инструкция по подготовке, подаче и защите
/Users/n.scherbakov/vitamin-speaker-talks/work/../transcripts/Продажи-и-клиенты/2025-07-08__20_очевидных_и_неочевидных_способов_найти_клиентов_фрилансеру.txt	bj5IEbwr3r8		Продажи-и-клиенты	Продажи-и-отдел-продаж	20 очевидных и неочевидных способов найти клиентов фрилансеру
/Users/n.scherbakov/vitamin-speaker-talks/work/../transcripts/Продажи-и-клиенты/2026-06-25__Переписка,_которая_продаёт_за_3_сообщения_четыре_точки_проверки_коммуникации_с_л.txt	VCfJw0HqFj0	2158	Продажи-и-клиенты	Продажи-и-отдел-продаж	Переписка, которая продаёт за 3 сообщения: четыре точки проверки коммуникации с лидами, отвечаемость как метрика качества трафика, открывающее сообщение, снимающее вину, аудит того, как заказчик сливает заявки
/Users/n.scherbakov/vitamin-speaker-talks/work/../transcripts/Продажи-и-клиенты/2025-10-06__Работа_с_клиентами_по_контексту_и_SEO_от_брифинга_до_запуска_проекта.txt	EM554kBUVEc		Продажи-и-клиенты	Контекст-и-Яндекс-Директ	Работа с клиентами по контексту и SEO: от брифинга до запуска проекта
/Users/n.scherbakov/vitamin-speaker-talks/work/../transcripts/Продажи-и-клиенты/2025-04-14__SEO-продвижение_для_digital-агентств.txt	x3UmBi6j9rE		Продажи-и-клиенты	Агентский-бизнес-и-масштабирование	SEO-продвижение для digital-агентств
/Users/n.scherbakov/vitamin-speaker-talks/work/../transcripts/Продажи-и-клиенты/2026-05-20__Кладбище_лидов_в_мессенджерах_как_ИИ-агент_возвращает_потерянные_сделки_в_отделе.txt	ygPlQ37jtWA	1913	Продажи-и-клиенты	Telegram-и-мессенджеры	Кладбище лидов в мессенджерах: как ИИ-агент возвращает потерянные сделки в отделе продаж
/Users/n.scherbakov/vitamin-speaker-talks/work/../transcripts/Продажи-и-клиенты/2026-07-22__Что_делать_с_покупателем_после_покупки_лояльность,_эмоциональные_рассылки_и_повт.txt	WKhNgjofKew	2125	Продажи-и-клиенты	Конверсия-и-путь-клиента	Что делать с покупателем после покупки: лояльность, эмоциональные рассылки и повторные продажи
/Users/n.scherbakov/vitamin-speaker-talks/work/../transcripts/Продажи-и-клиенты/2024-06-27__Лидогенерация_на_мероприятия.txt	1SFpbBJ5D-Y		Продажи-и-клиенты	Стратегия-и-медиапланирование	Лидогенерация на мероприятия
/Users/n.scherbakov/vitamin-speaker-talks/work/../transcripts/Продажи-и-клиенты/2025-09-09__Автоматизация_повторных_продаж_и_лояльность_эмоции,_данные_и_триггерные_автоворо.txt	5W_2AvSVI7c	308	Продажи-и-клиенты	Конверсия-и-путь-клиента	Автоматизация повторных продаж и лояльность: эмоции, данные и триггерные автоворонки
/Users/n.scherbakov/vitamin-speaker-talks/work/../transcripts/Продажи-и-клиенты/2025-07-24__CRM-маркетинг_в_сложных_продажах_как_довести_клиента_от_интереса_до_сделки.txt	I7H9ANNBXHk	2488	Продажи-и-клиенты	Email-CRM-и-рассылки	CRM-маркетинг в сложных продажах: как довести клиента от интереса до сделки
/Users/n.scherbakov/vitamin-speaker-talks/work/../transcripts/Продажи-и-клиенты/2025-07-29__Как_поймать_крупную_рыбу_и_не_уйти_на_дно.txt	Rc5h7g9I_M0		Продажи-и-клиенты	Продажи-и-отдел-продаж	Как поймать крупную рыбу и не уйти на дно
/Users/n.scherbakov/vitamin-speaker-talks/work/../transcripts/Продажи-и-клиенты/2026-03-12__Как_использовать_данные_из_CRM_сегментация,_повторные_продажи_и_управление_отток.txt	lmPExkGwMUc	4282	Продажи-и-клиенты	Email-CRM-и-рассылки	Как использовать данные из CRM: сегментация, повторные продажи и управление оттоком
/Users/n.scherbakov/vitamin-speaker-talks/work/../transcripts/Продажи-и-клиенты/2026-03-04__Как_привлечь_87_партнёров_за_месяц_через_госзакупки_и_холодные_письма_(email_out.txt	ZHl6bM3nr1U	281	Продажи-и-клиенты	Продажи-и-отдел-продаж	Как привлечь 87 партнёров за месяц через госзакупки и холодные письма (email outreach)
/Users/n.scherbakov/vitamin-speaker-talks/work/../transcripts/Продажи-и-клиенты/2026-06-25__Дело_не_в_Директе_три_кейса,_где_воронка_ломалась_не_в_рекламе,_а_в_отделе_прода.txt	VCfJw0HqFj0	7124	Продажи-и-клиенты	Продажи-и-отдел-продаж	Дело не в Директе: три кейса, где воронка ломалась не в рекламе, а в отделе продаж — про людей, а не цифры, разбор общей воронки от показа до оплаты и точки, где менеджеры теряют клиента
/Users/n.scherbakov/vitamin-speaker-talks/work/../transcripts/Продажи-и-клиенты/2025-09-25__Как_продавать_сложные_многосоставные_продукты_квалификация_лидов,_воронки_MQL_и_.txt	64OarXGR7lI	10236	Продажи-и-клиенты	Продажи-и-отдел-продаж	Как продавать сложные многосоставные продукты: квалификация лидов, воронки MQL и позиционирование
/Users/n.scherbakov/vitamin-speaker-talks/work/../transcripts/Продажи-и-клиенты/2025-07-29__5_бесплатных_PR-инструментов_для_начинающих_агентств.txt	Rnto-JIx6xQ		Продажи-и-клиенты	PR-и-репутация	5 бесплатных PR-инструментов для начинающих агентств
/Users/n.scherbakov/vitamin-speaker-talks/work/../transcripts/Продажи-и-клиенты/2024-02-25__Примеры_автоворонок_для_продажи_услуг.txt	44nW4TGhv34		Продажи-и-клиенты	Стратегия-и-медиапланирование	Примеры автоворонок для продажи услуг
/Users/n.scherbakov/vitamin-speaker-talks/work/../transcripts/Ниши-и-маркетплейсы/2026-07-01__Продвижение_товаров_и_услуг_на_Авито_в_условиях_повышенной_конкуренции_алгоритмы.txt	m5OLkZn9DpA	3760	Ниши-и-маркетплейсы	Авито	Продвижение товаров и услуг на Авито в условиях повышенной конкуренции: алгоритмы ранжирования и 10 ключевых параметров, анализ конкурентов, бесплатные инструменты, оптимизация бюджета
/Users/n.scherbakov/vitamin-speaker-talks/work/../transcripts/Ниши-и-маркетплейсы/2026-02-12__TG_Ads_для_образовательной_экосистемы_с_разной_ЦА_подписка_по_€0,7-1,5.txt	RTJ-ichIEDQ	4942	Ниши-и-маркетплейсы	Образование-и-онлайн-школы	TG Ads для образовательной экосистемы с разной ЦА: подписка по €0,7-1,5
/Users/n.scherbakov/vitamin-speaker-talks/work/../transcripts/Ниши-и-маркетплейсы/2026-04-16__Как_удержать_до_1000_рублей_стоимость_заявки_в_ВК_на_услугу_Всё_на_4_в_декабре_д.txt	VJ2sQNIWn4A	5466	Ниши-и-маркетплейсы	Медицина-и-клиники	Как удержать до 1000 рублей стоимость заявки в ВК на услугу «Всё на 4» в декабре для стоматологии
/Users/n.scherbakov/vitamin-speaker-talks/work/../transcripts/Ниши-и-маркетплейсы/2026-03-17__Как_строительной_базе_увеличить_заявки_и_снизить_их_стоимость_в_несезон_и_кризис.txt	2mFMNQrt98U	2030	Ниши-и-маркетплейсы	Производство-и-стройматериалы	Как строительной базе увеличить заявки и снизить их стоимость в несезон и кризис
/Users/n.scherbakov/vitamin-speaker-talks/work/../transcripts/Ниши-и-маркетплейсы/2026-02-12__9_млн_рекламного_бюджета_для_языковой_школы_узкого_направления_в_Яндекс_Директе_.txt	RTJ-ichIEDQ	3961	Ниши-и-маркетплейсы	Образование-и-онлайн-школы	9 млн рекламного бюджета для языковой школы узкого направления в Яндекс Директе с окупаемостью 422%
/Users/n.scherbakov/vitamin-speaker-talks/work/../transcripts/Ниши-и-маркетплейсы/2025-10-02__Как_увеличили_лиды_на_300%_и_сделали_Авито_прибыльным_для_компании_по_банкротств.txt	DhMzEoAUdeE	276	Ниши-и-маркетплейсы	Финансы-и-финтех	Как увеличили лиды на 300% и сделали Авито прибыльным для компании по банкротству физлиц
/Users/n.scherbakov/vitamin-speaker-talks/work/../transcripts/Ниши-и-маркетплейсы/2025-11-11__Снизили_ДРР_до_3%_для_отеля_в_Яндекс.Директ_расширение_гео_и_оптимизация_на_брон.txt	xZ6t-IfaSP8	3964	Ниши-и-маркетплейсы	Недвижимость-и-девелопмент	Снизили ДРР до 3% для отеля в Яндекс.Директ: расширение гео и оптимизация на бронь
/Users/n.scherbakov/vitamin-speaker-talks/work/../transcripts/Ниши-и-маркетплейсы/2026-04-16__Смена_подрядчика_по_контекстной_рекламе_для_сети_клиник_Сова_как_не_слить_бюджет.txt	VJ2sQNIWn4A	1569	Ниши-и-маркетплейсы	Медицина-и-клиники	Смена подрядчика по контекстной рекламе для сети клиник «Сова»: как не слить бюджет, снизить CPL на 37% и прирасти в лидах на 76%
/Users/n.scherbakov/vitamin-speaker-talks/work/../transcripts/Ниши-и-маркетплейсы/2025-09-11__Яндекс_Директ_150+_лидов_для_производителя_стеклянных_кухонных_фартуков,_улучшен.txt	r9mg1VUBZuI	3825	Ниши-и-маркетплейсы	Производство-и-стройматериалы	Яндекс Директ: 150+ лидов для производителя стеклянных кухонных фартуков, улучшение на 28%
/Users/n.scherbakov/vitamin-speaker-talks/work/../transcripts/Ниши-и-маркетплейсы/2026-02-19__Как_работать_и_продвигаться_внутри_Авито_бизнес-инструменты,_аналитика_спроса,_к.txt	5xYaeDIidjU	245	Ниши-и-маркетплейсы	Авито	Как работать и продвигаться внутри Авито: бизнес-инструменты, аналитика спроса, кейсы
/Users/n.scherbakov/vitamin-speaker-talks/work/../transcripts/Ниши-и-маркетплейсы/2026-07-17__Комплексная_система_медицинского_маркетинга_шесть_опор_от_рекламы_до_повторных_в.txt	DeE6z3UyoV4	370	Ниши-и-маркетплейсы	Медицина-и-клиники	Комплексная система медицинского маркетинга: шесть опор от рекламы до повторных визитов, рост доходимости пациентов с 43% до 75–90%, расчёт LTV и реальной окупаемости
/Users/n.scherbakov/vitamin-speaker-talks/work/../transcripts/Ниши-и-маркетплейсы/2025-12-17__Анализ_ниши_и_запуск_новинок_на_Ozon,_контроль_запуска_через_РНП_TrueStats.txt	vDgfPruSPIU	2984	Ниши-и-маркетплейсы	Маркетплейсы-и-ритейл-медиа	Анализ ниши и запуск новинок на Ozon, контроль запуска через РНП TrueStats
/Users/n.scherbakov/vitamin-speaker-talks/work/../transcripts/Ниши-и-маркетплейсы/2026-06-03__Мультиканальная_связка_для_автоподбора_импортных_авто_335_заявок_за_60_дней_в_пе.txt	-dMt6AhJ8eA	3193	Ниши-и-маркетплейсы	Авто-и-дилеры	Мультиканальная связка для автоподбора импортных авто: 335 заявок за 60 дней в перегретой нише, борьба с фродом, длинный лендинг с квизом, удержание клиента с высоким чеком
/Users/n.scherbakov/vitamin-speaker-talks/work/../transcripts/Ниши-и-маркетплейсы/2026-06-03__Авито_как_перформанс-канал_для_автобизнеса_5600+_лидов_со_средней_стоимостью_700.txt	-dMt6AhJ8eA	4294	Ниши-и-маркетплейсы	Авто-и-дилеры	Авито как перформанс-канал для автобизнеса: 5600+ лидов со средней стоимостью 700 ₽ за 8 месяцев для двух автосалонов с одного канала, органика плюс платное продвижение объявлений
/Users/n.scherbakov/vitamin-speaker-talks/work/../transcripts/Ниши-и-маркетплейсы/2025-07-03__Синергия_SEO_и_контекстной_рекламы_мультиканальный_маркетинг_для_Япония_Трейд_и_.txt	7f_qKhk-GPs	3155	Ниши-и-маркетплейсы	Контекст-и-Яндекс-Директ	Синергия SEO и контекстной рекламы: мультиканальный маркетинг для Япония Трейд и Корея Трейд
/Users/n.scherbakov/vitamin-speaker-talks/work/../transcripts/Ниши-и-маркетплейсы/2025-07-03__ВКонтакте,_Яндекс_и_Ozon_реклама_внедорожников_EXEED.txt	7f_qKhk-GPs	1852	Ниши-и-маркетплейсы	Авто-и-дилеры	ВКонтакте, Яндекс и Ozon: реклама внедорожников EXEED
/Users/n.scherbakov/vitamin-speaker-talks/work/../transcripts/Ниши-и-маркетплейсы/2025-11-11__4,6_млн_продаж_туров_на_Камчатку_с_ROMI_3089%_через_Яндекс.Директ.txt	xZ6t-IfaSP8	5113	Ниши-и-маркетплейсы	Сквозная-аналитика-и-атрибуция	4,6 млн продаж туров на Камчатку с ROMI 3089% через Яндекс.Директ
/Users/n.scherbakov/vitamin-speaker-talks/work/../transcripts/Ниши-и-маркетплейсы/2026-06-18__Каналы_привлечения_пациентов_в_клинику_Почта_России,_маркетплейсы,_промоутеры_и_.txt	rZICwWkzGNk	193	Ниши-и-маркетплейсы	Медицина-и-клиники	Каналы привлечения пациентов в клинику: Почта России, маркетплейсы, промоутеры и работа с картами и прайсами
/Users/n.scherbakov/vitamin-speaker-talks/work/../transcripts/Ниши-и-маркетплейсы/2025-11-14__Как_выйти_в_топ_на_картах_и_не_сливать_80%_бюджета_органика_геосервисов,_топ-7_о.txt	aBiRIqmqXcw	5037	Ниши-и-маркетплейсы	Геосервисы-Карты-2ГИС	Как выйти в топ на картах и не сливать 80% бюджета: органика геосервисов, топ-7 ошибок и автоматизация
/Users/n.scherbakov/vitamin-speaker-talks/work/../transcripts/Ниши-и-маркетплейсы/2025-10-03__С_нуля_до_миллиона_как_зарабатывать_на_Авито_в_2025_году.txt	JX0lOa5DaQI		Ниши-и-маркетплейсы	Авито	С нуля до миллиона: как зарабатывать на Авито в 2025 году
/Users/n.scherbakov/vitamin-speaker-talks/work/../transcripts/Ниши-и-маркетплейсы/2025-07-29__AI-ассистенты_РОПа,_менеджера_продаж_и_руководителя_сервиса_в_автобизнесе.txt	-_wkJemdI6k	2034	Ниши-и-маркетплейсы	Авто-и-дилеры	AI-ассистенты РОПа, менеджера продаж и руководителя сервиса в автобизнесе
/Users/n.scherbakov/vitamin-speaker-talks/work/../transcripts/Ниши-и-маркетплейсы/2025-07-03__Снижение_CPL_в_Яндекс.Директе_в_2_раза_для_сети_автосалонов_китайских_брендов.txt	7f_qKhk-GPs	8965	Ниши-и-маркетплейсы	Авто-и-дилеры	Снижение CPL в Яндекс.Директе в 2 раза для сети автосалонов китайских брендов
/Users/n.scherbakov/vitamin-speaker-talks/work/../transcripts/Ниши-и-маркетплейсы/2025-06-05__Ритейл-медиа_на_Ozon_от_клика_по_баннеру_до_конверсии.txt	R-37vWm-e0M	4778	Ниши-и-маркетплейсы	Маркетплейсы-и-ритейл-медиа	Ритейл-медиа на Ozon: от клика по баннеру до конверсии
/Users/n.scherbakov/vitamin-speaker-talks/work/../transcripts/Ниши-и-маркетплейсы/2025-06-05__Новый_канал_на_перегретом_рынке._Как_зарабатывать_на_Авито_в_2025_году_инструмен.txt	R-37vWm-e0M	2224	Ниши-и-маркетплейсы	Авито	Новый канал на перегретом рынке. Как зарабатывать на Авито в 2025 году: инструменты, лайфхаки, кейсы
/Users/n.scherbakov/vitamin-speaker-talks/work/../transcripts/Ниши-и-маркетплейсы/2025-07-29__Как_кратно_увеличить_лиды_автосервису_и_автосалону_в_Яндекс_Картах_и_2ГИС_без_ро.txt	-_wkJemdI6k	189	Ниши-и-маркетплейсы	Авто-и-дилеры	Как кратно увеличить лиды автосервису и автосалону в Яндекс Картах и 2ГИС без роста бюджета
/Users/n.scherbakov/vitamin-speaker-talks/work/../transcripts/Ниши-и-маркетплейсы/2026-06-10__Кейс_1600_лидов_из_VK_Рекламы_для_сети_клиник_эстетической_косметологии_в_Санкт-.txt	NkBYdhly-Go	4519	Ниши-и-маркетплейсы	Медицина-и-клиники	Кейс: 1600 лидов из VK Рекламы для сети клиник эстетической косметологии в Санкт-Петербурге
/Users/n.scherbakov/vitamin-speaker-talks/work/../transcripts/Ниши-и-маркетплейсы/2026-02-12__Маркетинг_и_продажи_под_ключ_X6_окупаемости_с_холодного_трафика_онлайн-школе_AI-.txt	RTJ-ichIEDQ	2676	Ниши-и-маркетплейсы	Образование-и-онлайн-школы	Маркетинг и продажи под ключ: X6 окупаемости с холодного трафика онлайн-школе AI-видеопродакшена
/Users/n.scherbakov/vitamin-speaker-talks/work/../transcripts/Ниши-и-маркетплейсы/2026-06-10__Кейс_500_заявок_для_клиники_лечения_варикоза_и_рост_эффективности_рекламы_почти_.txt	NkBYdhly-Go	5590	Ниши-и-маркетплейсы	Медицина-и-клиники	Кейс: 500 заявок для клиники лечения варикоза и рост эффективности рекламы почти до 100%
/Users/n.scherbakov/vitamin-speaker-talks/work/../transcripts/Ниши-и-маркетплейсы/2026-04-14__Как_привлекать_недорогие_лиды_с_высокой_конверсией_во_ВКонтакте_на_примере_жилой.txt	5w7ROfd3oqs	3806	Ниши-и-маркетплейсы	Недвижимость-и-девелопмент	Как привлекать недорогие лиды с высокой конверсией во ВКонтакте на примере жилой недвижимости (кейс Владислава Потолкова)
/Users/n.scherbakov/vitamin-speaker-talks/work/../transcripts/Ниши-и-маркетплейсы/2025-10-02__1500_рублей_за_лид_для_агрегатора_финансовых_услуг_через_Яндекс.Директ_и_SEO.txt	DhMzEoAUdeE	5000	Ниши-и-маркетплейсы	Финансы-и-финтех	1500 рублей за лид для агрегатора финансовых услуг через Яндекс.Директ и SEO
/Users/n.scherbakov/vitamin-speaker-talks/work/../transcripts/Ниши-и-маркетплейсы/2025-11-05__Как_выжать_максимум_из_медийной_рекламы_на_Авито_запуск,_аналитика,_масштабирова.txt	VxGVgP-i9dk	2514	Ниши-и-маркетплейсы	Авито	Как выжать максимум из медийной рекламы на Авито: запуск, аналитика, масштабирование и рост конверсий
/Users/n.scherbakov/vitamin-speaker-talks/work/../transcripts/Ниши-и-маркетплейсы/2025-11-11__16_млн_выручки_на_турах_без_роста_бюджета_перестройка_маркетинга_тревел-проекта_.txt	xZ6t-IfaSP8	1419	Ниши-и-маркетплейсы	Стратегия-и-медиапланирование	16 млн выручки на турах без роста бюджета: перестройка маркетинга тревел-проекта в систему
/Users/n.scherbakov/vitamin-speaker-talks/work/../transcripts/Ниши-и-маркетплейсы/2026-04-16__424_заявки_по_101_рубль_на_приём_хирурга-травматолога_через_таргет_и_личный_брен.txt	VJ2sQNIWn4A	9595	Ниши-и-маркетплейсы	Медицина-и-клиники	424 заявки по 101 рубль на приём хирурга-травматолога через таргет и личный бренд врача (клиника «Ухтомед»)
/Users/n.scherbakov/vitamin-speaker-talks/work/../transcripts/Ниши-и-маркетплейсы/2025-08-06__ВКонтакте_для_клиники_косметологии_и_лазерной_эпиляции_1500+_заявок_в_год_по_цен.txt	rZbOhsrbPCM	2914	Ниши-и-маркетплейсы	Медицина-и-клиники	ВКонтакте для клиники косметологии и лазерной эпиляции: 1500+ заявок в год по цене до 1350 руб
/Users/n.scherbakov/vitamin-speaker-talks/work/../transcripts/Ниши-и-маркетплейсы/2026-06-18__Авито_Здоровье_как_новый_агрегатор_трафика_для_клиник_в_2026_году.txt	rZICwWkzGNk	4634	Ниши-и-маркетплейсы	Медицина-и-клиники	Авито Здоровье как новый агрегатор трафика для клиник в 2026 году
/Users/n.scherbakov/vitamin-speaker-talks/work/../transcripts/Ниши-и-маркетплейсы/2026-02-19__Авито_Реклама_как_источник_новых_клиентов_кабинет,_форматы,_таргетинг,_обновлени.txt	5xYaeDIidjU	2799	Ниши-и-маркетплейсы	Авито	Авито Реклама как источник новых клиентов: кабинет, форматы, таргетинг, обновления
/Users/n.scherbakov/vitamin-speaker-talks/work/../transcripts/Ниши-и-маркетплейсы/2025-08-06__Контекстная_реклама_для_стоматологии_с_ROMI_567%_и_сквозная_аналитика_до_денег_в.txt	rZbOhsrbPCM	4039	Ниши-и-маркетплейсы	Медицина-и-клиники	Контекстная реклама для стоматологии с ROMI 567% и сквозная аналитика до денег в кассе
/Users/n.scherbakov/vitamin-speaker-talks/work/../transcripts/Ниши-и-маркетплейсы/2026-02-12__Авито_как_канал_продаж_для_учебного_центра_873_лида_за_3_месяца_по_195_₽.txt	RTJ-ichIEDQ	6173	Ниши-и-маркетплейсы	Образование-и-онлайн-школы	Авито как канал продаж для учебного центра: 873 лида за 3 месяца по 195 ₽
/Users/n.scherbakov/vitamin-speaker-talks/work/../transcripts/Ниши-и-маркетплейсы/2025-08-06__Как_увеличить_выручку_медцентра_в_3,8_раза_с_помощью_контекстной_рекламы.txt	rZbOhsrbPCM	309	Ниши-и-маркетплейсы	Медицина-и-клиники	Как увеличить выручку медцентра в 3,8 раза с помощью контекстной рекламы
/Users/n.scherbakov/vitamin-speaker-talks/work/../transcripts/Ниши-и-маркетплейсы/2025-07-23__Медийная_реклама_на_Ozon_для_бизнеса_любого_масштаба.txt	_Vi5uQ0ykPg	1815	Ниши-и-маркетплейсы	Маркетплейсы-и-ритейл-медиа	Медийная реклама на Ozon для бизнеса любого масштаба
/Users/n.scherbakov/vitamin-speaker-talks/work/../transcripts/Ниши-и-маркетплейсы/2026-07-01__Как_бизнесу_расти_за_счёт_продвижения_объявлений_на_Авито_кабинет_Avito_Pro,_ана.txt	m5OLkZn9DpA	268	Ниши-и-маркетплейсы	Авито	Как бизнесу расти за счёт продвижения объявлений на Авито: кабинет Avito Pro, аналитика спроса, вертикали и категории, инструменты продвижения и подписки, кейсы
/Users/n.scherbakov/vitamin-speaker-talks/work/../transcripts/Ниши-и-маркетплейсы/2026-07-01__20_брендов,_10_городов,_13,6_млн_показов_как_вести_Авито_Рекламу_для_автохолдинг.txt	m5OLkZn9DpA	5858	Ниши-и-маркетплейсы	Авто-и-дилеры	20 брендов, 10 городов, 13,6 млн показов: как вести Авито Рекламу для автохолдинга и не сжечь бюджет — прогнозатор, креативы, сегментация по брендам, дешёвый клик, верификация трафика
/Users/n.scherbakov/vitamin-speaker-talks/work/../transcripts/Ниши-и-маркетплейсы/2026-06-18__Лидогенерация_для_медцентров_и_клиник_через_Яндекс.Директ_и_ВК_массовая_лидогене.txt	rZICwWkzGNk	2539	Ниши-и-маркетплейсы	Медицина-и-клиники	Лидогенерация для медцентров и клиник через Яндекс.Директ и ВК: массовая лидогенерация и brandformance-стратегия
/Users/n.scherbakov/vitamin-speaker-talks/work/../transcripts/Ниши-и-маркетплейсы/2025-08-06__Контекстная_реклама_для_стоматологии_в_Красноярске_195_лидов_по_1301_руб.txt	rZbOhsrbPCM	1584	Ниши-и-маркетплейсы	Медицина-и-клиники	Контекстная реклама для стоматологии в Красноярске: 195 лидов по 1301 руб
/Users/n.scherbakov/vitamin-speaker-talks/work/../transcripts/Ниши-и-маркетплейсы/2026-04-16__Директ_и_SEO_для_пластического_хирурга_по_150_лидов_в_месяц_на_дорогие_операции_.txt	VJ2sQNIWn4A	3276	Ниши-и-маркетплейсы	Медицина-и-клиники	Директ и SEO для пластического хирурга: по 150 лидов в месяц на дорогие операции и запись на полгода вперёд
/Users/n.scherbakov/vitamin-speaker-talks/work/../transcripts/Ниши-и-маркетплейсы/2025-09-11__Яндекс_Директ_300+_целевых_обращений_в_месяц_для_производителя_пластиковых_окон.txt	r9mg1VUBZuI	2776	Ниши-и-маркетплейсы	Производство-и-стройматериалы	Яндекс Директ: 300+ целевых обращений в месяц для производителя пластиковых окон
/Users/n.scherbakov/vitamin-speaker-talks/work/../transcripts/Ниши-и-маркетплейсы/2026-06-29__Новинки_Авито_Рекламы_2026.txt	pYXY75Bh2HI		Ниши-и-маркетплейсы	Авито	Новинки Авито Рекламы 2026
/Users/n.scherbakov/vitamin-speaker-talks/work/../transcripts/Ниши-и-маркетплейсы/2026-04-24__Возможности_направления_Авито_Спецтехника_продажа,_аренда,_мото_и_водный_транспо.txt	rVUk5kY-Gic	188	Ниши-и-маркетплейсы	Авито	Возможности направления «Авито Спецтехника»: продажа, аренда, мото и водный транспорт — тарифы и трафик
/Users/n.scherbakov/vitamin-speaker-talks/work/../transcripts/Ниши-и-маркетплейсы/2026-04-16__1000_лидов_из_ВКонтакте_для_сети_клиник_эстетической_косметологии_в_Санкт-Петерб.txt	VJ2sQNIWn4A	214	Ниши-и-маркетплейсы	Медицина-и-клиники	1000 лидов из ВКонтакте для сети клиник эстетической косметологии в Санкт-Петербурге
/Users/n.scherbakov/vitamin-speaker-talks/work/../transcripts/Ниши-и-маркетплейсы/2025-08-06__ВКонтакте_заявки_на_имплантацию_по_900_руб._Как_снизить_стоимость_в_несезон.txt	rZbOhsrbPCM	6049	Ниши-и-маркетплейсы	Медицина-и-клиники	ВКонтакте: заявки на имплантацию по 900 руб. Как снизить стоимость в несезон
/Users/n.scherbakov/vitamin-speaker-talks/work/../transcripts/Ниши-и-маркетплейсы/2026-03-26__SEO_для_собственника_что_работает_в_2026_и_как_не_переплачивать_подрядчикам.txt	SFh8IeQc42k	0	Ниши-и-маркетплейсы	SEO-и-органика	SEO для собственника: что работает в 2026 и как не переплачивать подрядчикам
/Users/n.scherbakov/vitamin-speaker-talks/work/../transcripts/Ниши-и-маркетплейсы/2025-07-03__Контекст_и_коллтрекинг_как_дилер_Lada_из_Самары_получает_200+_лидов_при_падающем.txt	7f_qKhk-GPs	6832	Ниши-и-маркетплейсы	Авто-и-дилеры	Контекст и коллтрекинг: как дилер Lada из Самары получает 200+ лидов при падающем спросе
/Users/n.scherbakov/vitamin-speaker-talks/work/../transcripts/Ниши-и-маркетплейсы/2026-02-12__Трафик_в_VK_для_онлайн-школы_омоложения_35_млн_выручки_со_средним_чеком_12_000_₽.txt	RTJ-ichIEDQ	7011	Ниши-и-маркетплейсы	Образование-и-онлайн-школы	Трафик в VK для онлайн-школы омоложения: 35 млн выручки со средним чеком 12 000 ₽
/Users/n.scherbakov/vitamin-speaker-talks/work/../transcripts/Ниши-и-маркетплейсы/2025-08-26__Как_взорвать_продажи_на_Авито_в_сезон_ажиотажа.txt	TpQobHSKh9c	4755	Ниши-и-маркетплейсы	Авито	Как взорвать продажи на Авито в сезон ажиотажа
/Users/n.scherbakov/vitamin-speaker-talks/work/../transcripts/Ниши-и-маркетплейсы/2026-04-24__Системное_продвижение_спецтехники_на_Авито_воронка,_контент,_продвижение_и_автом.txt	rVUk5kY-Gic	3007	Ниши-и-маркетплейсы	Авито	Системное продвижение спецтехники на Авито: воронка, контент, продвижение и автоматизация — кейсы агентства
/Users/n.scherbakov/vitamin-speaker-talks/work/../transcripts/Ниши-и-маркетплейсы/2026-03-26__Авито_как_основной_канал_лидогенерации_кейс_двух_автосалонов.txt	SFh8IeQc42k	8492	Ниши-и-маркетплейсы	Авто-и-дилеры	Авито как основной канал лидогенерации: кейс двух автосалонов
/Users/n.scherbakov/vitamin-speaker-talks/work/../transcripts/Ниши-и-маркетплейсы/2025-11-11__+17%_заявок_без_роста_бюджета_для_санатория_в_Ессентуках_через_околотематические.txt	xZ6t-IfaSP8	368	Ниши-и-маркетплейсы	Медицина-и-клиники	+17% заявок без роста бюджета для санатория в Ессентуках через околотематические запросы
/Users/n.scherbakov/vitamin-speaker-talks/work/../transcripts/Ниши-и-маркетплейсы/2025-07-03__Ozon_для_увеличения_узнаваемости_автобренда_LIVAN.txt	7f_qKhk-GPs	4336	Ниши-и-маркетплейсы	Авто-и-дилеры	Ozon для увеличения узнаваемости автобренда LIVAN
/Users/n.scherbakov/vitamin-speaker-talks/work/../transcripts/Ниши-и-маркетплейсы/2025-07-03__Как_снизили_количество_спама_в_Яндекс_Директ_на_30%_и_увеличили_конверсию_в_3_ра.txt	7f_qKhk-GPs	7883	Ниши-и-маркетплейсы	Авто-и-дилеры	Как снизили количество спама в Яндекс Директ на 30% и увеличили конверсию в 3 раза для дилера CHERY
/Users/n.scherbakov/vitamin-speaker-talks/work/../transcripts/Ниши-и-маркетплейсы/2026-06-18__10_ключевых_элементов_сайта_клиники_в_2026_году_юридические_требования_и_конверс.txt	rZICwWkzGNk	6257	Ниши-и-маркетплейсы	Медицина-и-клиники	10 ключевых элементов сайта клиники в 2026 году: юридические требования и конверсия
/Users/n.scherbakov/vitamin-speaker-talks/work/../transcripts/Ниши-и-маркетплейсы/2026-02-12__Продвижение_курсов_для_водителей_спецтехники_на_Авито_236_лидов_ниже_KPI.txt	RTJ-ichIEDQ	1573	Ниши-и-маркетплейсы	Образование-и-онлайн-школы	Продвижение курсов для водителей спецтехники на Авито: 236 лидов ниже KPI
/Users/n.scherbakov/vitamin-speaker-talks/work/../transcripts/Ниши-и-маркетплейсы/2026-02-04__Карты_в_2026_максимум_обращений_без_рекламного_бюджета_SEO,_упаковка_карточки,_о.txt	pW9-Rse-eXs	1	Ниши-и-маркетплейсы	Геосервисы-Карты-2ГИС	Карты в 2026: максимум обращений без рекламного бюджета — SEO, упаковка карточки, отзывы
/Users/n.scherbakov/vitamin-speaker-talks/work/../transcripts/Ниши-и-маркетплейсы/2026-03-26__Яндекс_Карты_в_2026_для_авто_максимум_обращений_без_рекламного_бюджета.txt	SFh8IeQc42k	1805	Ниши-и-маркетплейсы	Авто-и-дилеры	Яндекс Карты в 2026 для авто: максимум обращений без рекламного бюджета
/Users/n.scherbakov/vitamin-speaker-talks/work/../transcripts/Ниши-и-маркетплейсы/2026-02-12__16_млн_выручки_для_онлайн-школы_рисования_через_таргет_ВКонтакте.txt	RTJ-ichIEDQ	346	Ниши-и-маркетплейсы	Образование-и-онлайн-школы	16 млн выручки для онлайн-школы рисования через таргет ВКонтакте
/Users/n.scherbakov/vitamin-speaker-talks/work/../transcripts/Ниши-и-маркетплейсы/2025-11-05__Рекламный_кабинет_Авито_Рекламы_как_запустить_эффективную_кампанию.txt	VxGVgP-i9dk	249	Ниши-и-маркетплейсы	Авито	Рекламный кабинет Авито Рекламы: как запустить эффективную кампанию
/Users/n.scherbakov/vitamin-speaker-talks/work/../transcripts/Ниши-и-маркетплейсы/2025-10-02__Как_снизили_стоимость_лида_в_2_раза_и_запустили_3_новых_канала_за_4_месяца_для_М.txt	DhMzEoAUdeE	1660	Ниши-и-маркетплейсы	Финансы-и-финтех	Как снизили стоимость лида в 2 раза и запустили 3 новых канала за 4 месяца для МФО
/Users/n.scherbakov/vitamin-speaker-talks/work/../transcripts/Ниши-и-маркетплейсы/2025-09-11__Яндекс_Директ_9_продаж_навесных_фасадных_систем_за_месяц.txt	r9mg1VUBZuI	412	Ниши-и-маркетплейсы	Производство-и-стройматериалы	Яндекс Директ: 9 продаж навесных фасадных систем за месяц
/Users/n.scherbakov/vitamin-speaker-talks/work/../transcripts/Ниши-и-маркетплейсы/2025-11-14__Системный_геомаркетинг_в_Яндекс.Картах_SEO-ключи,_контент_карточки_и_работа_с_от.txt	aBiRIqmqXcw	228	Ниши-и-маркетплейсы	Геосервисы-Карты-2ГИС	Системный геомаркетинг в Яндекс.Картах: SEO-ключи, контент карточки и работа с отзывами
/Users/n.scherbakov/vitamin-speaker-talks/work/../transcripts/Ниши-и-маркетплейсы/2025-10-02__300%_окупаемости_и_14+_млн_продаж_за_месяц_во_ВКонтакте_для_онлайн-школы_по_зара.txt	DhMzEoAUdeE	3982	Ниши-и-маркетплейсы	Образование-и-онлайн-школы	300% окупаемости и 14+ млн продаж за месяц во ВКонтакте для онлайн-школы по заработку на криптовалюте
/Users/n.scherbakov/vitamin-speaker-talks/work/../transcripts/Ниши-и-маркетплейсы/2025-09-11__Яндекс_Директ_и_Авито_1000+_лидов_за_сезон_для_оптового_магазина_стройматериалов.txt	r9mg1VUBZuI	1640	Ниши-и-маркетплейсы	Производство-и-стройматериалы	Яндекс Директ и Авито: 1000+ лидов за сезон для оптового магазина стройматериалов
/Users/n.scherbakov/vitamin-speaker-talks/work/../transcripts/Ниши-и-маркетплейсы/2026-03-17__B2B_в_Яндекс.Директе_как_отсечь_мусорный_трафик,_удвоить_заявки_и_снизить_их_сто.txt	2mFMNQrt98U	4009	Ниши-и-маркетплейсы	Производство-и-стройматериалы	B2B в Яндекс.Директе: как отсечь мусорный трафик, удвоить заявки и снизить их стоимость (фасадные системы)
/Users/n.scherbakov/vitamin-speaker-talks/work/../transcripts/Ниши-и-маркетплейсы/2026-04-16__Как_снизить_стоимость_лида_в_стоматологии_в_2_раза_и_получить_190+_заявок_в_меся.txt	VJ2sQNIWn4A	8272	Ниши-и-маркетплейсы	Медицина-и-клиники	Как снизить стоимость лида в стоматологии в 2 раза и получить 190+ заявок в месяц за счёт правильной воронки платного трафика
/Users/n.scherbakov/vitamin-speaker-talks/work/../transcripts/Ниши-и-маркетплейсы/2025-09-11__Авито_рост_прибыли_на_150%_и_снижение_стоимости_лида_вдвое_для_онлайн-магазина_с.txt	r9mg1VUBZuI	7743	Ниши-и-маркетплейсы	Производство-и-стройматериалы	Авито: рост прибыли на 150% и снижение стоимости лида вдвое для онлайн-магазина стройматериалов
/Users/n.scherbakov/vitamin-speaker-talks/work/../transcripts/Ниши-и-маркетплейсы/2026-07-01__Продвижение_с_помощью_Авито_Рекламы_отличие_от_Avito_Pro,_баннерная_и_видеорекла.txt	m5OLkZn9DpA	2426	Ниши-и-маркетплейсы	Авито	Продвижение с помощью Авито Рекламы: отличие от Avito Pro, баннерная и видеореклама, настройка кабинета, CPC/CPM, конструктор аудитории и новые таргетинги (B2B), кейсы
/Users/n.scherbakov/vitamin-speaker-talks/work/../transcripts/Ниши-и-маркетплейсы/2025-10-02__Как_за_год_увеличили_трафик_научного_финансового_онлайн-журнала_на_276%_через_Ди.txt	DhMzEoAUdeE	3028	Ниши-и-маркетплейсы	Контекст-и-Яндекс-Директ	Как за год увеличили трафик научного финансового онлайн-журнала на 276% через Директ и LAL-аудитории
/Users/n.scherbakov/vitamin-speaker-talks/work/../transcripts/Ниши-и-маркетплейсы/2025-07-10__Увеличение_продаж_с_помощью_ИИ_автоматизация_клиентского_сервиса_на_маркетплейса.txt	ZTIqztHb0NQ	507	Ниши-и-маркетплейсы	Маркетплейсы-и-ритейл-медиа	Увеличение продаж с помощью ИИ: автоматизация клиентского сервиса на маркетплейсах
/Users/n.scherbakov/vitamin-speaker-talks/work/../transcripts/Ниши-и-маркетплейсы/2026-05-25__Креатив,_мониторинг_и_сегментирование_для_трафика_кейсы_по_глемпингу_и_недвижимо.txt	D5L2zfPmss0	3754	Ниши-и-маркетплейсы	Недвижимость-и-девелопмент	Креатив, мониторинг и сегментирование для трафика: кейсы по глемпингу и недвижимости
/Users/n.scherbakov/vitamin-speaker-talks/work/../transcripts/Ниши-и-маркетплейсы/2025-08-06__ПромоСтраницы_для_Института_базальной_имплантологии_снижение_стоимости_заявки_в_.txt	rZbOhsrbPCM	5245	Ниши-и-маркетплейсы	Медицина-и-клиники	ПромоСтраницы для Института базальной имплантологии: снижение стоимости заявки в 2 раза
/Users/n.scherbakov/vitamin-speaker-talks/work/../transcripts/Ниши-и-маркетплейсы/2026-03-04__Как_продвигать_B2B-производство_на_Авито._Кейс_200_лидов_для_производителя_промы.txt	ZHl6bM3nr1U	6581	Ниши-и-маркетплейсы	Производство-и-стройматериалы	Как продвигать B2B-производство на Авито. Кейс: 200 лидов для производителя промышленного оборудования
/Users/n.scherbakov/vitamin-speaker-talks/work/../transcripts/Ниши-и-маркетплейсы/2025-09-11__Яндекс_Директ_и_расширенные_фиды_снижение_цены_лида_в_3_раза_для_магазина_стройм.txt	r9mg1VUBZuI	6601	Ниши-и-маркетплейсы	Производство-и-стройматериалы	Яндекс Директ и расширенные фиды: снижение цены лида в 3 раза для магазина стройматериалов
/Users/n.scherbakov/vitamin-speaker-talks/work/../transcripts/Ниши-и-маркетплейсы/2025-11-14__Витамины_для_увеличения_продаж_на_Яндекс.Картах_база_с_нуля_и_чек-лист_оформлени.txt	aBiRIqmqXcw	2929	Ниши-и-маркетплейсы	Геосервисы-Карты-2ГИС	Витамины для увеличения продаж на Яндекс.Картах: база с нуля и чек-лист оформления карточки
/Users/n.scherbakov/vitamin-speaker-talks/work/../transcripts/Ниши-и-маркетплейсы/2026-04-23__Как_без_рекламного_бюджета_растить_клиентов_с_Яндекс_Карт_рейтинг_конкурентов,_S.txt	GtBZs4I1VlY	1825	Ниши-и-маркетплейсы	Геосервисы-Карты-2ГИС	Как без рекламного бюджета растить клиентов с Яндекс Карт: рейтинг конкурентов, SEO карточки, контент, приоритетное размещение и работа с отзывами и рейтингом
/Users/n.scherbakov/vitamin-speaker-talks/work/../transcripts/Аналитика-и-юнит-экономика/2025-07-09__Big_Data_Big_Impact_в_контекстной_и_таргетированной_рекламе.txt	n3DFlyOiTxc	4298	Аналитика-и-юнит-экономика	Сквозная-аналитика-и-атрибуция	Big Data — Big Impact в контекстной и таргетированной рекламе
/Users/n.scherbakov/vitamin-speaker-talks/work/../transcripts/Аналитика-и-юнит-экономика/2026-07-07__Как_из_метрик_GEO_добраться_до_реальных_денег_видимость_бренда_в_ИИ-моделях,_про.txt	z9j9PjV_PMQ	3779	Аналитика-и-юнит-экономика	Сквозная-аналитика-и-атрибуция	Как из метрик GEO добраться до реальных денег: видимость бренда в ИИ-моделях, прогнозирование трафика и выручки, окупаемость канала продвижения в нейропоиске
/Users/n.scherbakov/vitamin-speaker-talks/work/../transcripts/Аналитика-и-юнит-экономика/2026-02-10__Как_снизить_стоимость_лида_в_Яндекс.Директе_для_B2B-производителя.txt	lhCmtQwHpe0	217	Аналитика-и-юнит-экономика	Производство-и-стройматериалы	Как снизить стоимость лида в Яндекс.Директе для B2B-производителя
/Users/n.scherbakov/vitamin-speaker-talks/work/../transcripts/Аналитика-и-юнит-экономика/2025-07-29__Синергия_SEO_и_контекста_в_автобизнесе_больше_лидов_за_те_же_деньги.txt	-_wkJemdI6k	3269	Аналитика-и-юнит-экономика	Авто-и-дилеры	Синергия SEO и контекста в автобизнесе: больше лидов за те же деньги
/Users/n.scherbakov/vitamin-speaker-talks/work/../transcripts/Аналитика-и-юнит-экономика/2026-06-10__Возможности_Callibri_для_маркетинга_в_медицине_каналы_обращений_и_коллтрекинг.txt	NkBYdhly-Go	378	Аналитика-и-юнит-экономика	Медицина-и-клиники	Возможности Callibri для маркетинга в медицине: каналы обращений и коллтрекинг
/Users/n.scherbakov/vitamin-speaker-talks/work/../transcripts/Аналитика-и-юнит-экономика/2026-01-26__Оперативная_аналитика_в_B2B_как_оценивать_маркетинг_при_долгом_цикле_сделки.txt	cKWCavR5nl4	232	Аналитика-и-юнит-экономика	Сквозная-аналитика-и-атрибуция	Оперативная аналитика в B2B: как оценивать маркетинг при долгом цикле сделки
/Users/n.scherbakov/vitamin-speaker-talks/work/../transcripts/Аналитика-и-юнит-экономика/2025-10-15__Как_увеличить_конверсии_с_помощью_омниканальной_системы_управления_коммуникациям.txt	dNyUJjrE-ww	3654	Аналитика-и-юнит-экономика	Email-CRM-и-рассылки	Как увеличить конверсии с помощью омниканальной системы управления коммуникациями
/Users/n.scherbakov/vitamin-speaker-talks/work/../transcripts/Аналитика-и-юнит-экономика/2026-06-11__ТОП-5_когнитивных_искажений_в_анализе_данных_рекламы_парадокс_Симпсона,_структур.txt	tBmCEejTmHM	2013	Аналитика-и-юнит-экономика	Сквозная-аналитика-и-атрибуция	ТОП-5 когнитивных искажений в анализе данных рекламы: парадокс Симпсона, структурный сдвиг, древовидный обход, искажение исключения, закон инструмента
/Users/n.scherbakov/vitamin-speaker-talks/work/../transcripts/Аналитика-и-юнит-экономика/2026-06-11__Сколько_стоит_клиент_юнит-экономика,_CPL,_CAC,_маржинальный_LTV_и_точка_безубыто.txt	tBmCEejTmHM	377	Аналитика-и-юнит-экономика	Юнит-экономика-и-бюджеты	Сколько стоит клиент: юнит-экономика, CPL, CAC, маржинальный LTV и точка безубыточности
/Users/n.scherbakov/vitamin-speaker-talks/work/../transcripts/Аналитика-и-юнит-экономика/2026-06-25__Почему_Директ_даёт_заявки,_но_не_даёт_продаж_система_оптимизации_трёхмесячными_с.txt	VCfJw0HqFj0	352	Аналитика-и-юнит-экономика	Сквозная-аналитика-и-атрибуция	Почему Директ даёт заявки, но не даёт продаж: система оптимизации трёхмесячными спринтами с одним KPI, юнит-экономика и ABC-анализ продуктов, сквозная аналитика и единая атрибуция, дашборды в Power BI под конкретную цель
/Users/n.scherbakov/vitamin-speaker-talks/work/../transcripts/Аналитика-и-юнит-экономика/2025-09-25__Ловушка_дешёвых_лидов_почему_отключили_самый_дешёвый_канал._Кейс_B2B-сервиса_в_с.txt	64OarXGR7lI	4216	Аналитика-и-юнит-экономика	Стратегия-и-медиапланирование	Ловушка дешёвых лидов: почему отключили самый дешёвый канал. Кейс B2B-сервиса в стройке
/Users/n.scherbakov/vitamin-speaker-talks/work/../transcripts/Аналитика-и-юнит-экономика/2026-03-26__Как_автобизнесу_управлять_трафиком_от_заявок_к_реальной_прибыли_(сквозная_аналит.txt	SFh8IeQc42k	3960	Аналитика-и-юнит-экономика	Авто-и-дилеры	Как автобизнесу управлять трафиком: от заявок к реальной прибыли (сквозная аналитика)
/Users/n.scherbakov/vitamin-speaker-talks/work/../transcripts/Аналитика-и-юнит-экономика/2026-04-10__Как_связать_рекламу,_CRM_и_продажи.txt	O5TMzNqM7ts		Аналитика-и-юнит-экономика	Email-CRM-и-рассылки	Как связать рекламу, CRM и продажи
/Users/n.scherbakov/vitamin-speaker-talks/work/../transcripts/Аналитика-и-юнит-экономика/2026-06-03__Как_автобизнесу_управлять_трафиком_в_2026_году_смещение_фокуса_с_трафика_на_приб.txt	-dMt6AhJ8eA	369	Аналитика-и-юнит-экономика	Авто-и-дилеры	Как автобизнесу управлять трафиком в 2026 году: смещение фокуса с трафика на прибыль и сквозную аналитику в условиях роста отказов по автокредитам
/Users/n.scherbakov/vitamin-speaker-talks/work/../transcripts/Аналитика-и-юнит-экономика/2025-12-17__Кто_не_анализирует,_тот_плох_работа_с_отзывами_и_обратной_связью_как_точка_роста.txt	vDgfPruSPIU	1630	Аналитика-и-юнит-экономика	Стратегия-и-медиапланирование	Кто не анализирует, тот плох: работа с отзывами и обратной связью как точка роста
/Users/n.scherbakov/vitamin-speaker-talks/work/../transcripts/Аналитика-и-юнит-экономика/2025-12-10__Комплексный_подход_к_инструментам_Яндекс_Директа_кейсы_агентской_практики.txt	4VzgBPUTnWg	6274	Аналитика-и-юнит-экономика	Контекст-и-Яндекс-Директ	Комплексный подход к инструментам Яндекс Директа: кейсы агентской практики
/Users/n.scherbakov/vitamin-speaker-talks/work/../transcripts/Аналитика-и-юнит-экономика/2026-07-22__Сквозная_аналитика_и_атрибуция_где_ломается_путь_клиента_и_как_считать_вклад_кан.txt	WKhNgjofKew	3990	Аналитика-и-юнит-экономика	Сквозная-аналитика-и-атрибуция	Сквозная аналитика и атрибуция: где ломается путь клиента и как считать вклад каналов в выручку и LTV
/Users/n.scherbakov/vitamin-speaker-talks/work/../transcripts/Аналитика-и-юнит-экономика/2026-06-11__Аналитика_коммуникаций_и_звонков_недооценённый_пласт_данных_для_снижения_стоимос.txt	tBmCEejTmHM	3921	Аналитика-и-юнит-экономика	Сквозная-аналитика-и-атрибуция	Аналитика коммуникаций и звонков: недооценённый пласт данных для снижения стоимости привлечения и роста продаж
/Users/n.scherbakov/vitamin-speaker-talks/work/../transcripts/Аналитика-и-юнит-экономика/2026-04-14__Заявки_есть,_а_продаж_с_них_нет_где_на_стыке_маркетинга,_продукта_и_продаж_теряю.txt	5w7ROfd3oqs	125	Аналитика-и-юнит-экономика	Стратегия-и-медиапланирование	Заявки есть, а продаж с них нет: где на стыке маркетинга, продукта и продаж теряются деньги
/Users/n.scherbakov/vitamin-speaker-talks/work/../transcripts/Аналитика-и-юнит-экономика/2025-07-28__LTV_-_3_главные_буквы_для_больших_денег_на_фрилансе.txt	Gqb8EdVlt5A		Аналитика-и-юнит-экономика	Фриланс-и-продуктивность	LTV - 3 главные буквы для больших денег на фрилансе
/Users/n.scherbakov/vitamin-speaker-talks/work/../transcripts/Аналитика-и-юнит-экономика/2026-06-18__Как_за_3_месяца_сделать_кейс_на_реактивации_базы_и_поднять_продажи_клиники_на_30.txt	rZICwWkzGNk	9977	Аналитика-и-юнит-экономика	Медицина-и-клиники	Как за 3 месяца сделать кейс на реактивации базы и поднять продажи клиники на 30% без роста бюджета
/Users/n.scherbakov/vitamin-speaker-talks/work/../transcripts/Аналитика-и-юнит-экономика/2026-05-25__Три_рычага_снижения_стоимости_лида_в_турбулентности_2026.txt	D5L2zfPmss0	7312	Аналитика-и-юнит-экономика	Стратегия-и-медиапланирование	Три рычага снижения стоимости лида в турбулентности 2026
/Users/n.scherbakov/vitamin-speaker-talks/work/../transcripts/Аналитика-и-юнит-экономика/2026-02-19__Экономика_Авито_где_бизнес_теряет_деньги_и_как_взять_канал_под_контроль.txt	5xYaeDIidjU	5038	Аналитика-и-юнит-экономика	Авито	Экономика Авито: где бизнес теряет деньги и как взять канал под контроль
/Users/n.scherbakov/vitamin-speaker-talks/work/../transcripts/Аналитика-и-юнит-экономика/2026-03-04__Контекстная_реклама_в_B2B_как_получать_лиды,_а_не_клики.txt	ZHl6bM3nr1U	8828	Аналитика-и-юнит-экономика	Контекст-и-Яндекс-Директ	Контекстная реклама в B2B: как получать лиды, а не клики
/Users/n.scherbakov/vitamin-speaker-talks/work/../transcripts/Аналитика-и-юнит-экономика/2025-12-11__Оптимизация_рекламных_кампаний_и_сквозная_аналитика_при_ограниченном_бюджете.txt	eJYIveKCPnc	2439	Аналитика-и-юнит-экономика	Сквозная-аналитика-и-атрибуция	Оптимизация рекламных кампаний и сквозная аналитика при ограниченном бюджете
/Users/n.scherbakov/vitamin-speaker-talks/work/../transcripts/Аналитика-и-юнит-экономика/2026-01-26__Микробюджеты_до_200_000_₽_не_про_трафик,_а_про_сделки.txt	cKWCavR5nl4	4199	Аналитика-и-юнит-экономика	Юнит-экономика-и-бюджеты	Микробюджеты до 200 000 ₽: не про трафик, а про сделки
/Users/n.scherbakov/vitamin-speaker-talks/work/../transcripts/Аналитика-и-юнит-экономика/2026-04-08__Три_кейса_окупаемости_девелопер,_B2B_и_запуск_нового_канала.txt	xIpFaev427k	2777	Аналитика-и-юнит-экономика	Сквозная-аналитика-и-атрибуция	Три кейса окупаемости: девелопер, B2B и запуск нового канала
/Users/n.scherbakov/vitamin-speaker-talks/work/../transcripts/Аналитика-и-юнит-экономика/2026-04-08__Как_понять,_какой_рекламный_канал_реально_работает_ROMI,_сквозная_аналитика_и_ат.txt	xIpFaev427k	332	Аналитика-и-юнит-экономика	Сквозная-аналитика-и-атрибуция	Как понять, какой рекламный канал реально работает: ROMI, сквозная аналитика и атрибуция
/Users/n.scherbakov/vitamin-speaker-talks/work/../transcripts/Аналитика-и-юнит-экономика/2024-06-09__Аналитика_контекстной_рекламы_что_нужно_знать.txt	Yu59CENRKd0		Аналитика-и-юнит-экономика	Сквозная-аналитика-и-атрибуция	Аналитика контекстной рекламы: что нужно знать?
/Users/n.scherbakov/vitamin-speaker-talks/work/../transcripts/Аналитика-и-юнит-экономика/2026-06-25__Когда_лиды_мусор_последние_изменения_Яндекс.Директа,_передача_офлайн-конверсий_и.txt	VCfJw0HqFj0	6107	Аналитика-и-юнит-экономика	Контекст-и-Яндекс-Директ	Когда лиды — мусор: последние изменения Яндекс.Директа, передача офлайн-конверсий и целевых обращений из CRM, борьба со спамом на автостратегиях, кейс B2B-клининга — вдвое больше целевых обращений при том же объёме лидов
/Users/n.scherbakov/vitamin-speaker-talks/work/../transcripts/Аналитика-и-юнит-экономика/2026-02-19__Как_федеральная_сеть_клиник_достигла_двукратного_роста_лояльности_на_Авито_при_н.txt	5xYaeDIidjU	4007	Аналитика-и-юнит-экономика	Медицина-и-клиники	Как федеральная сеть клиник достигла двукратного роста лояльности на Авито при низкой стоимости пользователя
